id;Name;Type;Date;Status;Town;Province;lat;lon;Last_update
Kharkiv Oblast;БТР-4;APC;04.05.2022;DESTROYED;СТАРЫЙ САЛТОВ;ХАРЬКОВСКАЯ ОБЛАСТЬ;50.078002;36.791923;07.05.2022
Kharkiv Oblast;БТР-3Е;APC;04.05.2022;DESTROYED;БОРОВАЯ;ХАРЬКОВСКАЯ ОБЛАСТЬ;49.377402;37.625433;07.05.2022
Kharkiv Oblast;Т-64БМ;MBT;03.05.2022;DESTROYED;;ХАРЬКОВСКАЯ ОБЛАСТЬ;50.081791;36.306507;07.05.2022
Donetsk Oblast;БТР-80;APC;02.05.2022;DESTROYED;ЛИМАН;ДОНЕЦКАЯ ОБЛАСТЬ;48.962550;37.823299;07.05.2022
Kharkiv Oblast;Т-64БВ;MBT;02.05.2022;DESTROYED;ЗАВОДЫ;ХАРЬКОВСКАЯ ОБЛАСТЬ;49.154208;37.067732;07.05.2022
Donetsk Oblast;35Д6М;AA;01.05.2022;DESTROYED;ЛИМАН;ДОНЕЦКАЯ ОБЛАСТЬ;48.962550;37.823299;07.05.2022
Kherson Oblast;Т-64БВ;MBT;01.05.2022;DESTROYED;;ХЕРСОНСКАЯ ОБЛАСТЬ;46.640319;32.614935;07.05.2022
Luhansk Oblast;Т-72АВ;MBT;30.04.2022;DESTROYED;;ЛУГАНСКАЯ ОБЛАСТЬ;48.573905;39.307642;07.05.2022
Donetsk Oblast;9П149;RECCE;29.04.2022;DESTROYED;ЛИМАН;ДОНЕЦКАЯ ОБЛАСТЬ;48.962550;37.823299;07.05.2022
;Т-64БВ;MBT;28.04.2022;DESTROYED;;;;;07.05.2022
;Т-64БВК;MBT;28.04.2022;DESTROYED;;;;;07.05.2022
Donetsk Oblast;БТР-3Е;APC;28.04.2022;DESTROYED;МАРИУПОЛЬ;ДОНЕЦКАЯ ОБЛАСТЬ;47.096703;37.541440;07.05.2022
Donetsk Oblast;БТР-80;APC;28.04.2022;DESTROYED;МАРИУПОЛЬ;ДОНЕЦКАЯ ОБЛАСТЬ;47.096703;37.541440;07.05.2022
Luhansk Oblast;МТ-ЛБ;APC;27.04.2022;DESTROYED;РУБЕЖНОЕ;ЛУГАНСКАЯ ОБЛАСТЬ;49.018267;38.360802;07.05.2022
;БТР-3Е;APC;27.04.2022;DESTROYED;;;;;07.05.2022
;БРДМ-2РХБ;RECCE;26.04.2022;DESTROYED;;;;;07.05.2022
;БРДМ-2РХБ;RECCE;26.04.2022;DESTROYED;;;;;07.05.2022
;БРДМ-2;RECCE;26.04.2022;DESTROYED;;;;;07.05.2022
Chernihiv Oblast;Т-72АМТ;MBT;26.04.2022;DESTROYED;;ЧЕРНИГОВСКАЯ ОБЛАСТЬ;51.491512;31.298320;07.05.2022
Kherson Oblast;БРДМ-2;RECCE;25.04.2022;DESTROYED;СОФИЕВКА;ХЕРСОНСКАЯ ОБЛАСТЬ;47.439474;33.276985;07.05.2022
Kherson Oblast;БРДМ-2Л1;RECCE;25.04.2022;DESTROYED;СОФИЕВКА;ХЕРСОНСКАЯ ОБЛАСТЬ;47.439474;33.276985;07.05.2022
Kherson Oblast;БРДМ-2;RECCE;25.04.2022;DESTROYED;СОФИЕВКА;ХЕРСОНСКАЯ ОБЛАСТЬ;47.439474;33.276985;07.05.2022
Kherson Oblast;БРДМ-2;RECCE;25.04.2022;DESTROYED;СОФИЕВКА;ХЕРСОНСКАЯ ОБЛАСТЬ;47.439474;33.276985;07.05.2022
Chernihiv Oblast;Т-64БВ;MBT;25.04.2022;DESTROYED;ЧЕРНИГОВ;ЧЕРНИГОВСКАЯ ОБЛАСТЬ;51.518007;31.357514;07.05.2022
Luhansk Oblast;БРДМ-2Л1;RECCE;24.04.2022;DESTROYED;КРЕМЕННАЯ;ЛУГАНСКАЯ ОБЛАСТЬ;49.049943;38.221114;07.05.2022
Kharkiv Oblast;БТР-4Е;APC;23.04.2022;DESTROYED;;ХАРЬКОВСКАЯ ОБЛАСТЬ;50.081791;36.306507;07.05.2022
Luhansk Oblast;Т-72Б;MBT;22.04.2022;DESTROYED;РУБЕЖНОЕ;ЛУГАНСКАЯ ОБЛАСТЬ;49.025828;38.369633;07.05.2022
Kharkiv Oblast;Т-64БВ;MBT;22.04.2022;DESTROYED;КАЗАЧЬЯ ЛОПАНЬ;ХАРЬКОВСКАЯ ОБЛАСТЬ;50.336480;36.178633;07.05.2022
Kharkiv Oblast;БТР-80;APC;22.04.2022;DESTROYED;КАЗАЧЬЯ ЛОПАНЬ;ХАРЬКОВСКАЯ ОБЛАСТЬ;50.336480;36.178633;07.05.2022
;Т-64БВ;MBT;21.04.2022;DESTROYED;;;;;07.05.2022
Luhansk Oblast;БТР-3Е;APC;21.04.2022;DESTROYED;КРЕМЕННАЯ;ЛУГАНСКАЯ ОБЛАСТЬ;49.049943;38.221114;07.05.2022
Kharkiv Oblast;Т-72Б;MBT;20.04.2022;DESTROYED;ИЗЮМ;ХАРЬКОВСКАЯ ОБЛАСТЬ;49.191272;37.278272;07.05.2022
Donetsk Oblast;БРДМ-2РХБ;RECCE;19.04.2022;DESTROYED;МАРИУПОЛЬ;ДОНЕЦКАЯ ОБЛАСТЬ;47.096703;37.541440;07.05.2022
Kyiv Oblast;Т-80БВ;MBT;19.04.2022;DESTROYED;МОЩУН;КИЕВСКАЯ ОБЛАСТЬ;50.604310;30.309499;07.05.2022
Donetsk Oblast;РХМ-4;APC;18.04.2022;DESTROYED;МАРИУПОЛЬ;ДОНЕЦКАЯ ОБЛАСТЬ;47.096703;37.541440;07.05.2022
;Т-64БВ;MBT;17.04.2022;DESTROYED;;;;;07.05.2022
Kharkiv Oblast;Т-64БВ;MBT;17.04.2022;DESTROYED;ИЗЮМ;ХАРЬКОВСКАЯ ОБЛАСТЬ;49.247920;37.248682;07.05.2022
Kyiv Oblast;Т-64БВ;MBT;16.04.2022;DESTROYED;ЗАГАЛЬЦЫ;КИЕВСКАЯ ОБЛАСТЬ;50.66528;29.829388;07.05.2022
Zaporizhia Oblast;БТР-7;APC;16.04.2022;DESTROYED;;ЗАПОРОЖСКАЯ ОБЛАСТЬ;47.221454;35.706124;07.05.2022
Zaporizhia Oblast;БТР-7;APC;16.04.2022;DESTROYED;;ЗАПОРОЖСКАЯ ОБЛАСТЬ;47.221454;35.706124;07.05.2022
Donetsk Oblast;Т-64БВ;MBT;16.04.2022;DESTROYED;СТЕПНОЕ;ДОНЕЦКАЯ ОБЛАСТЬ;47.614839;37.138321;07.05.2022
Kyiv Oblast;Т-64БВ;MBT;16.04.2022;DESTROYED;КИЕВ;КИЕВСКАЯ ОБЛАСТЬ;50.450441;30.523550;07.05.2022
Kyiv Oblast;Т-64БВ;MBT;16.04.2022;DESTROYED;КИЕВ;КИЕВСКАЯ ОБЛАСТЬ;50.450441;30.523550;07.05.2022
;МТ-ЛБС;APC;15.04.2022;DESTROYED;;;;;07.05.2022
Donetsk Oblast;БТР-80;APC;15.04.2022;DESTROYED;МАРИУПОЛЬ;ДОНЕЦКАЯ ОБЛАСТЬ;47.096703;37.541440;07.05.2022
Donetsk Oblast;Т-72Б;MBT;15.04.2022;DESTROYED;;ДОНЕЦКАЯ ОБЛАСТЬ;48.015877;37.802850;07.05.2022
Donetsk Oblast;БТР-80;APC;15.04.2022;DESTROYED;МАРИУПОЛЬ;ДОНЕЦКАЯ ОБЛАСТЬ;47.096703;37.541440;07.05.2022
Donetsk Oblast;БТР-80;APC;15.04.2022;DESTROYED;МАРИУПОЛЬ;ДОНЕЦКАЯ ОБЛАСТЬ;47.096703;37.541440;07.05.2022
Donetsk Oblast;БТР-80;APC;15.04.2022;DESTROYED;МАРИУПОЛЬ;ДОНЕЦКАЯ ОБЛАСТЬ;47.096703;37.541440;07.05.2022
Donetsk Oblast;Т-64БВ;MBT;14.04.2022;DESTROYED;СТАРОМЛЫНОВКА;ДОНЕЦКАЯ ОБЛАСТЬ;47.697819;36.824306;07.05.2022
Donetsk Oblast;БТС-4;ARV;14.04.2022;DESTROYED;СТАРОМЛЫНОВКА;ДОНЕЦКАЯ ОБЛАСТЬ;47.697819;36.824306;07.05.2022
Donetsk Oblast;2С7;ARTY;14.04.2022;DESTROYED;СТАРОМЛЫНОВКА;ДОНЕЦКАЯ ОБЛАСТЬ;47.697819;36.824306;07.05.2022
Donetsk Oblast;5П85С;AA;14.04.2022;DESTROYED;СТАРОМЛЫНОВКА;ДОНЕЦКАЯ ОБЛАСТЬ;47.697819;36.824306;07.05.2022
Donetsk Oblast;9А310;AA;14.04.2022;DESTROYED;СТАРОМЛЫНОВКА;ДОНЕЦКАЯ ОБЛАСТЬ;47.697819;36.824306;07.05.2022
Donetsk Oblast;Р-975М;APC;14.04.2022;DESTROYED;СТАРОМЛЫНОВКА;ДОНЕЦКАЯ ОБЛАСТЬ;47.697819;36.824306;07.05.2022
;МТ-ЛБ;APC;14.04.2022;DESTROYED;;;;;07.05.2022
Kherson Oblast;БТР-80;APC;13.04.2022;DESTROYED;;ХЕРСОНСКАЯ ОБЛАСТЬ;46.640319;32.614935;07.05.2022
Kherson Oblast;БТР-80;APC;13.04.2022;DESTROYED;;ХЕРСОНСКАЯ ОБЛАСТЬ;46.640319;32.614935;07.05.2022
Kherson Oblast;БТР-80;APC;13.04.2022;DESTROYED;;ХЕРСОНСКАЯ ОБЛАСТЬ;46.640319;32.614935;07.05.2022
Kherson Oblast;БРДМ-2Л1;RECCE;13.04.2022;DESTROYED;;ХЕРСОНСКАЯ ОБЛАСТЬ;46.640319;32.614935;07.05.2022
Kharkiv Oblast;Т-64БВ;MBT;13.04.2022;DESTROYED;;ХАРЬКОВСКАЯ ОБЛАСТЬ;50.081791;36.306507;07.05.2022
Donetsk Oblast;Т-80БВ;MBT;13.04.2022;DESTROYED;МАРИУПОЛЬ;ДОНЕЦКАЯ ОБЛАСТЬ;47.096703;37.541440;07.05.2022
Donetsk Oblast;БТР-4Е;APC;13.04.2022;DESTROYED;МАРИУПОЛЬ;ДОНЕЦКАЯ ОБЛАСТЬ;47.096703;37.541440;07.05.2022
Donetsk Oblast;Т-80БВ;MBT;13.04.2022;DESTROYED;МАРИУПОЛЬ;ДОНЕЦКАЯ ОБЛАСТЬ;47.096703;37.541440;07.05.2022
;БРДМ-2РХБ;RECCE;13.04.2022;DESTROYED;;;;;07.05.2022
Donetsk Oblast;Т-80БВ;MBT;13.04.2022;DESTROYED;МАРИУПОЛЬ;ДОНЕЦКАЯ ОБЛАСТЬ;47.096703;37.541440;07.05.2022
Donetsk Oblast;Т-80БВ;MBT;13.04.2022;DESTROYED;МАРИУПОЛЬ;ДОНЕЦКАЯ ОБЛАСТЬ;47.096703;37.541440;07.05.2022
Donetsk Oblast;Т-80БВ;MBT;13.04.2022;DESTROYED;МАРИУПОЛЬ;ДОНЕЦКАЯ ОБЛАСТЬ;47.096703;37.541440;07.05.2022
Donetsk Oblast;БТР-Д;APC;12.04.2022;DESTROYED;;ДОНЕЦКАЯ ОБЛАСТЬ;48.015877;37.802850;07.05.2022
Kyiv Oblast;БРДМ-2Л1;RECCE;11.04.2022;DESTROYED;ЗАГАЛЬЦЫ;КИЕВСКАЯ ОБЛАСТЬ;50.66528;29.829388;07.05.2022
;9А33Б;AA;10.04.2022;DESTROYED;;;;;07.05.2022
Kharkiv Oblast;Т-64БВ;MBT;10.04.2022;DESTROYED;КАМЕНКА;ХАРЬКОВСКАЯ ОБЛАСТЬ;49.121520;37.292813;07.05.2022
Donetsk Oblast;Т-64БВ ОБР. 2017;MBT;10.04.2022;DESTROYED;ЗАЧАТОВКА;ДОНЕЦКАЯ ОБЛАСТЬ;47.497736;37.150871;07.05.2022
Chernihiv Oblast;Т-64БВ;MBT;10.04.2022;DESTROYED;;ЧЕРНИГОВСКАЯ ОБЛАСТЬ;51.491512;31.298320;07.05.2022
Chernihiv Oblast;Т-64БВ;MBT;09.04.2022;DESTROYED;ЧЕРНИГОВ;ЧЕРНИГОВСКАЯ ОБЛАСТЬ;51.518007;31.357514;07.05.2022
Donetsk Oblast;Т-64БВ;MBT;08.04.2022;DESTROYED;;ДОНЕЦКАЯ ОБЛАСТЬ;48.015877;37.802850;07.05.2022
Kyiv Oblast;РХМ-4;APC;08.04.2022;DESTROYED;ИРПЕНЬ;КИЕВСКАЯ ОБЛАСТЬ;50.514161;30.215410;07.05.2022
Donetsk Oblast;БРДМ-2Л1;RECCE;07.04.2022;DESTROYED;МАЛЫЙ КЕРМЕНЧИК;ДОНЕЦКАЯ ОБЛАСТЬ;47.630781;36.982374;07.05.2022
Donetsk Oblast;Т-64Б;MBT;07.04.2022;DESTROYED;КРАСНАЯ ПОЛЯНА;ДОНЕЦКАЯ ОБЛАСТЬ;47.557850;37.074756;07.05.2022
Kyiv Oblast;Т-64БВ;MBT;07.04.2022;DESTROYED;ИРПЕНЬ;КИЕВСКАЯ ОБЛАСТЬ;50.514161;30.215410;07.05.2022
;Т-64БВ ОБР. 2017;MBT;05.04.2022;DESTROYED;;;;;07.05.2022
Donetsk Oblast;МТ-ЛБ;APC;05.04.2022;DESTROYED;МАРИУПОЛЬ;ДОНЕЦКАЯ ОБЛАСТЬ;47.096703;37.541440;07.05.2022
Kyiv Oblast;БТР-3Е;APC;05.04.2022;DESTROYED;БУДА-БАБИНЕЦКАЯ;КИЕВСКАЯ ОБЛАСТЬ;50.620189;30.055491;07.05.2022
Chernihiv Oblast;Т-64БВ;MBT;05.04.2022;DESTROYED;КОЛИЧЕВКА;ЧЕРНИГОВСКАЯ ОБЛАСТЬ;51.418547;31.307509;07.05.2022
Kyiv Oblast;Т-72АМТ;MBT;05.04.2022;DESTROYED;;КИЕВСКАЯ ОБЛАСТЬ;50.450458;30.523460;07.05.2022
Donetsk Oblast;5Н63С;AA;04.04.2022;DESTROYED;;ДОНЕЦКАЯ ОБЛАСТЬ;47.056893;37.307788;07.05.2022
Luhansk Oblast;МТ-ЛБ;APC;03.04.2022;DESTROYED;ОРЕХОВО-ДОНЕЦКОЕ;ЛУГАНСКАЯ ОБЛАСТЬ;48.770982;38.802217;07.05.2022
;Т-72АМТ;MBT;03.04.2022;DESTROYED;;;;;07.05.2022
Kherson Oblast;9А33Б;AA;02.04.2022;DESTROYED;;ХЕРСОНСКАЯ ОБЛАСТЬ;46.640319;32.614935;07.05.2022
Donetsk Oblast;БТР-3Е;APC;01.04.2022;DESTROYED;МАРИУПОЛЬ;ДОНЕЦКАЯ ОБЛАСТЬ;47.096703;37.541440;07.05.2022
Zaporizhia Oblast;Т-72АМТ;MBT;31.03.2022;DESTROYED;;ЗАПОРОЖСКАЯ ОБЛАСТЬ;47.221454;35.706124;07.05.2022
Kyiv Oblast;Т-64Б1;MBT;31.03.2022;DESTROYED;ГОСТОМЕЛЬ;КИЕВСКАЯ ОБЛАСТЬ;50.580265;30.264853;07.05.2022
Kharkiv Oblast;5П851А;AA;30.03.2022;DESTROYED;ЦИРКУНЫ;ХАРЬКОВСКАЯ ОБЛАСТЬ;50.084432 ;36.387491;07.05.2022
Kharkiv Oblast;5П851А;AA;30.03.2022;DESTROYED;ЦИРКУНЫ;ХАРЬКОВСКАЯ ОБЛАСТЬ;50.084432 ;36.387491;07.05.2022
Kharkiv Oblast;5П851А;AA;30.03.2022;DESTROYED;ЦИРКУНЫ;ХАРЬКОВСКАЯ ОБЛАСТЬ;50.084432 ;36.387491;07.05.2022
Kharkiv Oblast;76Н6;AA;30.03.2022;DESTROYED;ЦИРКУНЫ;ХАРЬКОВСКАЯ ОБЛАСТЬ;50.084432 ;36.387491;07.05.2022
Kharkiv Oblast;5П851А;AA;30.03.2022;DESTROYED;ЦИРКУНЫ;ХАРЬКОВСКАЯ ОБЛАСТЬ;50.084432 ;36.387491;07.05.2022
Donetsk Oblast;БТР-3Е;APC;30.03.2022;DESTROYED;ТЕРНЫ;ДОНЕЦКАЯ ОБЛАСТЬ;49.095853;37.964115;07.05.2022
Kyiv Oblast;БРДМ-2Л1;RECCE;30.03.2022;DESTROYED;ИРПЕНЬ;КИЕВСКАЯ ОБЛАСТЬ;50.514161;30.215410;07.05.2022
Kyiv Oblast;БТР-3Е;APC;30.03.2022;DESTROYED;ИРПЕНЬ;КИЕВСКАЯ ОБЛАСТЬ;50.514161;30.215410;07.05.2022
Zaporizhia Oblast;БТР-4Е;APC;30.03.2022;DESTROYED;;ЗАПОРОЖСКАЯ ОБЛАСТЬ;47.221454;35.706124;07.05.2022
Kharkiv Oblast;5П851А;AA;30.03.2022;DESTROYED;ЦИРКУНЫ;ХАРЬКОВСКАЯ ОБЛАСТЬ;50.084432 ;36.387491;07.05.2022
Kharkiv Oblast;5П851А;AA;30.03.2022;DESTROYED;ЦИРКУНЫ;ХАРЬКОВСКАЯ ОБЛАСТЬ;50.084432 ;36.387491;07.05.2022
Kharkiv Oblast;5П851А;AA;30.03.2022;DESTROYED;ЦИРКУНЫ;ХАРЬКОВСКАЯ ОБЛАСТЬ;50.084432 ;36.387491;07.05.2022
Kharkiv Oblast;5П851А;AA;30.03.2022;DESTROYED;ЦИРКУНЫ;ХАРЬКОВСКАЯ ОБЛАСТЬ;50.084432 ;36.387491;07.05.2022
Kharkiv Oblast;5П851А;AA;30.03.2022;DESTROYED;ЦИРКУНЫ;ХАРЬКОВСКАЯ ОБЛАСТЬ;50.084432 ;36.387491;07.05.2022
Kharkiv Oblast;5П851А;AA;30.03.2022;DESTROYED;ЦИРКУНЫ;ХАРЬКОВСКАЯ ОБЛАСТЬ;50.084432 ;36.387491;07.05.2022
Kharkiv Oblast;5П851А;AA;30.03.2022;DESTROYED;ЦИРКУНЫ;ХАРЬКОВСКАЯ ОБЛАСТЬ;50.084432 ;36.387491;07.05.2022
Kharkiv Oblast;5П851А;AA;30.03.2022;DESTROYED;ЦИРКУНЫ;ХАРЬКОВСКАЯ ОБЛАСТЬ;50.084432 ;36.387491;07.05.2022
Kharkiv Oblast;30Н6;AA;30.03.2022;DESTROYED;ЦИРКУНЫ;ХАРЬКОВСКАЯ ОБЛАСТЬ;50.084432 ;36.387491;07.05.2022
Kyiv Oblast;БТР-80;APC;30.03.2022;DESTROYED;ГОСТОМЕЛЬ;КИЕВСКАЯ ОБЛАСТЬ;50.580265;30.264853;07.05.2022
Kyiv Oblast;Т-64БВ;MBT;30.03.2022;DESTROYED;ЛИПОВКА;КИЕВСКАЯ ОБЛАСТЬ;50.507424;29.810188;07.05.2022
Kyiv Oblast;Т-64БВ;MBT;30.03.2022;DESTROYED;НАЛИВАЙКОВКА;КИЕВСКАЯ ОБЛАСТЬ;50.485232;29.718201;07.05.2022
Kyiv Oblast;Т-64БВ;MBT;30.03.2022;DESTROYED;МАКАРОВ;КИЕВСКАЯ ОБЛАСТЬ;50.467221;29.814851;07.05.2022
Kyiv Oblast;МТ-ЛБС;APC;29.03.2022;DESTROYED;КИЕВ;КИЕВСКАЯ ОБЛАСТЬ;50.450441;30.523550;07.05.2022
Chernihiv Oblast;Т-64БВ;MBT;28.03.2022;DESTROYED;;ЧЕРНИГОВСКАЯ ОБЛАСТЬ;51.491512;31.298320;07.05.2022
Kyiv Oblast;9А310;AA;26.03.2022;DESTROYED;ЛИПОВЫЙ СКИТОК;КИЕВСКАЯ ОБЛАСТЬ;50.276170;30.204585;07.05.2022
Donetsk Oblast;Т-64БВ ОБР. 2017;MBT;26.03.2022;DESTROYED;ВОЛНОВАХА;ДОНЕЦКАЯ ОБЛАСТЬ;47.598505;37.483512;07.05.2022
Donetsk Oblast;БТР-3М2;APC;26.03.2022;DESTROYED;МАРИУПОЛЬ;ДОНЕЦКАЯ ОБЛАСТЬ;47.096703;37.541440;07.05.2022
Kyiv Oblast;9П148;RECCE;26.03.2022;DESTROYED;МАКАРОВ;КИЕВСКАЯ ОБЛАСТЬ;50.467221;29.814851;07.05.2022
Kyiv Oblast;9П148;RECCE;26.03.2022;DESTROYED;МАКАРОВ;КИЕВСКАЯ ОБЛАСТЬ;50.467221;29.814851;07.05.2022
Donetsk Oblast;2С7;ARTY;24.03.2022;DESTROYED;КРАСНАЯ ПОЛЯНА;ДОНЕЦКАЯ ОБЛАСТЬ;47.557850;37.074756;07.05.2022
Donetsk Oblast;БРДМ-2Л1;RECCE;24.03.2022;DESTROYED;;ДОНЕЦКАЯ ОБЛАСТЬ;48.015877;37.802850;07.05.2022
Chernihiv Oblast;Т-72АМТ;MBT;22.03.2022;DESTROYED;;ЧЕРНИГОВСКАЯ ОБЛАСТЬ;51.491512;31.298320;07.05.2022
Chernihiv Oblast;1В14;APC;21.03.2022;DESTROYED;ЧЕРНИГОВ;ЧЕРНИГОВСКАЯ ОБЛАСТЬ;51.518007;31.357514;07.05.2022
Chernihiv Oblast;2С3;ARTY;21.03.2022;DESTROYED;ЧЕРНИГОВ;ЧЕРНИГОВСКАЯ ОБЛАСТЬ;51.518007;31.357514;07.05.2022
Donetsk Oblast;БРДМ-2;RECCE;20.03.2022;DESTROYED;ДОНСКОЕ;ДОНЕЦКАЯ ОБЛАСТЬ;47.514305;37.536670;07.05.2022
Donetsk Oblast;БТС-4;ARV;20.03.2022;DESTROYED;СТЕПНОЕ;ДОНЕЦКАЯ ОБЛАСТЬ;47.614839;37.138321;07.05.2022
;БТР-4Е;APC;18.03.2022;DESTROYED;;;;;07.05.2022
Kyiv Oblast;Т-64БВ ОБР. 2017;MBT;17.03.2022;DESTROYED;ТЕРМАХОВКА;КИЕВСКАЯ ОБЛАСТЬ;51.017316;29.698133;07.05.2022
;1В14;APC;17.03.2022;DESTROYED;;;;;07.05.2022
Kyiv Oblast;Т-64БВ;MBT;17.03.2022;DESTROYED;ТЕРМАХОВКА;КИЕВСКАЯ ОБЛАСТЬ;51.017316;29.698133;07.05.2022
Luhansk Oblast;5П85С;AA;17.03.2022;DESTROYED;СВАТОВО;ЛУГАНСКАЯ ОБЛАСТЬ;49.409282;38.162050;07.05.2022
Luhansk Oblast;5П85С;AA;17.03.2022;DESTROYED;СВАТОВО;ЛУГАНСКАЯ ОБЛАСТЬ;49.409282;38.162050;07.05.2022
Luhansk Oblast;5П85С;AA;17.03.2022;DESTROYED;СВАТОВО;ЛУГАНСКАЯ ОБЛАСТЬ;49.409282;38.162050;07.05.2022
Luhansk Oblast;5П85С;AA;17.03.2022;DESTROYED;СВАТОВО;ЛУГАНСКАЯ ОБЛАСТЬ;49.409282;38.162050;07.05.2022
Luhansk Oblast;5Н63С;AA;17.03.2022;DESTROYED;СВАТОВО;ЛУГАНСКАЯ ОБЛАСТЬ;49.409282;38.162050;07.05.2022
Chernihiv Oblast;Т-72АМТ;MBT;17.03.2022;DESTROYED;;ЧЕРНИГОВСКАЯ ОБЛАСТЬ;51.491512;31.298320;07.05.2022
Donetsk Oblast;БТР-70Т;APC;16.03.2022;DESTROYED;МАРИУПОЛЬ;ДОНЕЦКАЯ ОБЛАСТЬ;47.096703;37.541440;07.05.2022
Donetsk Oblast;МТ-ЛБ;APC;16.03.2022;DESTROYED;ОЛЬГИНКА;ДОНЕЦКАЯ ОБЛАСТЬ;47.694332;37.503432;07.05.2022
;2С1;ARTY;15.03.2022;DESTROYED;;;;;07.05.2022
Donetsk Oblast;Т-64БВ ОБР. 2017;MBT;14.03.2022;DESTROYED;БЕРЁЗОВОЕ;ДОНЕЦКАЯ ОБЛАСТЬ;47.767665;37.577957;07.05.2022
Donetsk Oblast;Т-64БВ;MBT;14.03.2022;DESTROYED;БЕРЁЗОВОЕ;ДОНЕЦКАЯ ОБЛАСТЬ;47.767665;37.577957;07.05.2022
Luhansk Oblast;9П148;RECCE;14.03.2022;DESTROYED;ПОПАСНАЯ;ЛУГАНСКАЯ ОБЛАСТЬ;48.633795;38.376550;07.05.2022
Luhansk Oblast;Т-72АВ;MBT;13.03.2022;DESTROYED;ВАРВАРОВКА;ЛУГАНСКАЯ ОБЛАСТЬ;49.072440;38.402439;07.05.2022
Luhansk Oblast;Т-72АВ;MBT;13.03.2022;DESTROYED;ВАРВАРОВКА;ЛУГАНСКАЯ ОБЛАСТЬ;49.072440;38.402439;07.05.2022
Chernihiv Oblast;Т-64БВ;MBT;12.03.2022;DESTROYED;;ЧЕРНИГОВСКАЯ ОБЛАСТЬ;51.491512;31.298320;07.05.2022
Donetsk Oblast;БТР-4Е;APC;12.03.2022;DESTROYED;МАРИУПОЛЬ;ДОНЕЦКАЯ ОБЛАСТЬ;47.096703;37.541440;07.05.2022
Donetsk Oblast;Т-64БВ ОБР. 2017;MBT;11.03.2022;DESTROYED;ВОЛНОВАХА;ДОНЕЦКАЯ ОБЛАСТЬ;47.618446;37.493348;07.05.2022
Kyiv Oblast;БТР-3Е;APC;11.03.2022;DESTROYED;ГОСТОМЕЛЬ;КИЕВСКАЯ ОБЛАСТЬ;50.580265;30.264853;07.05.2022
Kyiv Oblast;БТР-3Е;APC;11.03.2022;DESTROYED;ГОСТОМЕЛЬ;КИЕВСКАЯ ОБЛАСТЬ;50.580265;30.264853;07.05.2022
Kherson Oblast;Т-64БВ ОБР. 2017;MBT;11.03.2022;DESTROYED;АНТОНОВКА;ХЕРСОНСКАЯ ОБЛАСТЬ;46.670195;32.720209;07.05.2022
Kyiv Oblast;БТР-3Е;APC;11.03.2022;DESTROYED;ГОСТОМЕЛЬ;КИЕВСКАЯ ОБЛАСТЬ;50.592295;30.224100;07.05.2022
Donetsk Oblast;Т-64БВ;MBT;11.03.2022;DESTROYED;ВОЛНОВАХА;ДОНЕЦКАЯ ОБЛАСТЬ;47.593245;37.504082;07.05.2022
Donetsk Oblast;Т-64БВ;MBT;11.03.2022;DESTROYED;ВОЛНОВАХА;ДОНЕЦКАЯ ОБЛАСТЬ;47.594493;37.500520;07.05.2022
Kyiv Oblast;БТР-3Е;APC;11.03.2022;DESTROYED;ГОСТОМЕЛЬ;КИЕВСКАЯ ОБЛАСТЬ;50.580265;30.264853;07.05.2022
Kyiv Oblast;БТР-3Е;APC;11.03.2022;DESTROYED;ГОСТОМЕЛЬ;КИЕВСКАЯ ОБЛАСТЬ;50.580265;30.264853;07.05.2022
;Т-64БВ;MBT;09.03.2022;DESTROYED;;;;;07.05.2022
Donetsk Oblast;Т-64БВ;MBT;09.03.2022;DESTROYED;НОВОТРОИЦКОЕ;ДОНЕЦКАЯ ОБЛАСТЬ;47.717179;37.576160;07.05.2022
Kherson Oblast;5П85С;AA;08.03.2022;DESTROYED;;ХЕРСОНСКАЯ ОБЛАСТЬ;46.640319;32.614935;07.05.2022
Chernihiv Oblast;Т-64БВ;MBT;06.03.2022;DESTROYED;;ЧЕРНИГОВСКАЯ ОБЛАСТЬ;51.491512;31.298320;07.05.2022
Donetsk Oblast;БРДМ-2Л1;RECCE;05.03.2022;DESTROYED;КАЛЬЧИНОВКА;ДОНЕЦКАЯ ОБЛАСТЬ;47.355068;37.139175;07.05.2022
Kharkiv Oblast;БТР-4Е;APC;05.03.2022;DESTROYED;ХАРЬКОВ;ХАРЬКОВСКАЯ ОБЛАСТЬ;50.053756;36.347771;07.05.2022
Kherson Oblast;БРДМ-2РХБ;RECCE;05.03.2022;DESTROYED;;ХЕРСОНСКАЯ ОБЛАСТЬ;46.640319;32.614935;07.05.2022
Donetsk Oblast;Т-64БВ;MBT;04.03.2022;DESTROYED;ТРУДОВСКОЕ;ДОНЕЦКАЯ ОБЛАСТЬ;47.585948;37.658922;07.05.2022
Donetsk Oblast;Т-64БВ;MBT;04.03.2022;DESTROYED;ВОЛНОВАХА;ДОНЕЦКАЯ ОБЛАСТЬ;47.598505;37.483512;07.05.2022
Zaporizhia Oblast;БТР-80;APC;04.03.2022;DESTROYED;БОЛГАРКА;ЗАПОРОЖСКАЯ ОБЛАСТЬ;46.905397;36.327924;07.05.2022
Kharkiv Oblast;9А33Б;AA;03.03.2022;DESTROYED;;ХАРЬКОВСКАЯ ОБЛАСТЬ;;;07.05.2022
Kharkiv Oblast;БТР-4Е;APC;03.03.2022;DESTROYED;;ХАРЬКОВСКАЯ ОБЛАСТЬ;50.081791;36.306507;07.05.2022
Kharkiv Oblast;БТР-4Е;APC;03.03.2022;DESTROYED;;ХАРЬКОВСКАЯ ОБЛАСТЬ;50.081791;36.306507;07.05.2022
;БТР-4Е;APC;03.03.2022;DESTROYED;;;;;07.05.2022
Kharkiv Oblast;БТР-4Е;APC;03.03.2022;DESTROYED;;ХАРЬКОВСКАЯ ОБЛАСТЬ;50.081791;36.306507;07.05.2022
Kharkiv Oblast;9А33Б;AA;03.03.2022;DESTROYED;;ХАРЬКОВСКАЯ ОБЛАСТЬ;50.081791;36.306507;07.05.2022
Kharkiv Oblast;Т-64БМ2;MBT;03.03.2022;DESTROYED;ХАРЬКОВ;ХАРЬКОВСКАЯ ОБЛАСТЬ;49.992172;36.231191;07.05.2022
Kharkiv Oblast;Т-64БМ2;MBT;03.03.2022;DESTROYED;ХАРЬКОВ;ХАРЬКОВСКАЯ ОБЛАСТЬ;49.992172;36.231191;07.05.2022
Kharkiv Oblast;РХМ;APC;03.03.2022;DESTROYED;ХАРЬКОВ;ХАРЬКОВСКАЯ ОБЛАСТЬ;49.992172;36.231191;07.05.2022
Kharkiv Oblast;Т-64БМ2;MBT;03.03.2022;DESTROYED;ХАРЬКОВ;ХАРЬКОВСКАЯ ОБЛАСТЬ;49.992172;36.231191;07.05.2022
Donetsk Oblast;Т-80БВ;MBT;02.03.2022;DESTROYED;ГНУТОВО;ДОНЕЦКАЯ ОБЛАСТЬ;47.205705;37.749993;07.05.2022
;9А33Б;AA;02.03.2022;DESTROYED;;;;;07.05.2022
Donetsk Oblast;Т-64БВ;MBT;02.03.2022;DESTROYED;ВОЛНОВАХА;ДОНЕЦКАЯ ОБЛАСТЬ;47.602295;37.515090;07.05.2022
Donetsk Oblast;Т-64БВ;MBT;02.03.2022;DESTROYED;ВОЛНОВАХА;ДОНЕЦКАЯ ОБЛАСТЬ;47.602295;37.515090;07.05.2022
Donetsk Oblast;БРДМ-2Л1;RECCE;02.03.2022;DESTROYED;ДОНСКОЕ;ДОНЕЦКАЯ ОБЛАСТЬ;47.514305;37.536670;07.05.2022
Donetsk Oblast;МТ-ЛБ;APC;01.03.2022;DESTROYED;ШИРОКИНО;ДОНЕЦКАЯ ОБЛАСТЬ;47.099641; 37.821589;07.05.2022
Kyiv Oblast;БРДМ-2РХБ;RECCE;01.03.2022;DESTROYED;БРОВАРЫ;КИЕВСКАЯ ОБЛАСТЬ;50.511136;30.789981;07.05.2022
Kyiv Oblast;БТР-3Е;APC;01.03.2022;DESTROYED;ГОСТОМЕЛЬ;КИЕВСКАЯ ОБЛАСТЬ;50.580265;30.264853;07.05.2022
Sumy Oblast;БРДМ-2РХБ;RECCE;28.02.2022;DESTROYED;ШОСТКА;СУМСКАЯ ОБЛАСТЬ;51.868672;33.472270;07.05.2022
Donetsk Oblast;БТР-80;APC;28.02.2022;DESTROYED;ГНУТОВО;ДОНЕЦКАЯ ОБЛАСТЬ;47.205705;37.749993;07.05.2022
Donetsk Oblast;Т-80БВ;MBT;28.02.2022;DESTROYED;ГНУТОВО;ДОНЕЦКАЯ ОБЛАСТЬ;47.205705;37.749993;07.05.2022
Zaporizhia Oblast;БТР-4Е;APC;28.02.2022;DESTROYED;МЕЛИТОПОЛЬ;ЗАПОРОЖСКАЯ ОБЛАСТЬ;46.842187;35.372880;07.05.2022
Kharkiv Oblast;БТР-4Е;APC;27.02.2022;DESTROYED;ХАРЬКОВ;ХАРЬКОВСКАЯ ОБЛАСТЬ;49.992172;36.231191;07.05.2022
Donetsk Oblast;9П148;RECCE;27.02.2022;DESTROYED;ВОЛНОВАХА;ДОНЕЦКАЯ ОБЛАСТЬ;47.598505;37.483512;07.05.2022
Donetsk Oblast;9П148;RECCE;27.02.2022;DESTROYED;ВОЛНОВАХА;ДОНЕЦКАЯ ОБЛАСТЬ;47.598505;37.483512;07.05.2022
Luhansk Oblast;Т-64БВ ОБР. 2017;MBT;27.02.2022;DESTROYED;СЕВЕРОДОНЕЦК;ЛУГАНСКАЯ ОБЛАСТЬ;48.953355;38.490268;07.05.2022
Donetsk Oblast;Т-64БВ;MBT;27.02.2022;DESTROYED;ПРОХОРОВКА;ДОНЕЦКАЯ ОБЛАСТЬ;47.528143;37.666360;07.05.2022
Luhansk Oblast;Т-64БВ;MBT;27.02.2022;DESTROYED;СЕВЕРОДОНЕЦК;ЛУГАНСКАЯ ОБЛАСТЬ;48.953355;38.490268;07.05.2022
Luhansk Oblast;Т-64БВ;MBT;27.02.2022;DESTROYED;СЕВЕРОДОНЕЦК;ЛУГАНСКАЯ ОБЛАСТЬ;48.953355;38.490268;07.05.2022
Luhansk Oblast;Т-64БВ;MBT;27.02.2022;DESTROYED;СЕВЕРОДОНЕЦК;ЛУГАНСКАЯ ОБЛАСТЬ;48.953355;38.490268;07.05.2022
Luhansk Oblast;9А35;AA;26.02.2022;DESTROYED;ЛИСИЧАНСК;ЛУГАНСКАЯ ОБЛАСТЬ;48.912914;38.419552;07.05.2022
Kharkiv Oblast;БТР-4Е;APC;26.02.2022;DESTROYED;ХАРЬКОВ;ХАРЬКОВСКАЯ ОБЛАСТЬ;49.992172;36.231191;07.05.2022
Kharkiv Oblast;БТР-4Е;APC;26.02.2022;DESTROYED;ХАРЬКОВ;ХАРЬКОВСКАЯ ОБЛАСТЬ;49.992172;36.231191;07.05.2022
Mykolaiv Oblast;2С1;ARTY;26.02.2022;DESTROYED;НИКОЛАЕВ;НИКОЛАЕВСКАЯ ОБЛАСТЬ;46.975574;31.993813;07.05.2022
;БРДМ-2;RECCE;26.02.2022;DESTROYED;;;;;07.05.2022
;БТР-80;APC;26.02.2022;DESTROYED;;;;;07.05.2022
Mykolaiv Oblast;2С1;ARTY;26.02.2022;DESTROYED;НИКОЛАЕВ;НИКОЛАЕВСКАЯ ОБЛАСТЬ;46.975574;31.993813;07.05.2022
Zaporizhia Oblast;Т-64БВ;MBT;25.02.2022;DESTROYED;МЕЛИТОПОЛЬ;ЗАПОРОЖСКАЯ ОБЛАСТЬ;46.842187;35.372880;07.05.2022
Kharkiv Oblast;БТР-3Е;APC;25.02.2022;DESTROYED;ХАРЬКОВ;ХАРЬКОВСКАЯ ОБЛАСТЬ;49.992172;36.231191;07.05.2022
Zaporizhia Oblast;9А310;AA;25.02.2022;DESTROYED;;ЗАПОРОЖСКАЯ ОБЛАСТЬ;47.221454;35.706124;07.05.2022
Kyiv Oblast;БТР-80;APC;25.02.2022;DESTROYED;БУЧА;КИЕВСКАЯ ОБЛАСТЬ;50.553346;30.213451;07.05.2022
Kyiv Oblast;БТР-80;APC;25.02.2022;DESTROYED;БУЧА;КИЕВСКАЯ ОБЛАСТЬ;50.553346;30.213451;07.05.2022
Kyiv Oblast;БТР-80;APC;25.02.2022;DESTROYED;БУЧА;КИЕВСКАЯ ОБЛАСТЬ;50.553346;30.213451;07.05.2022
Kyiv Oblast;БТР-80;APC;25.02.2022;DESTROYED;БУЧА;КИЕВСКАЯ ОБЛАСТЬ;50.553346;30.213451;07.05.2022
Kherson Oblast;9А33Б;AA;25.02.2022;DESTROYED;АЛЁШКИ;ХЕРСОНСКАЯ ОБЛАСТЬ;46.609201;32.847672;07.05.2022
Kherson Oblast;9А33Б;AA;25.02.2022;DESTROYED;АЛЁШКИ;ХЕРСОНСКАЯ ОБЛАСТЬ;46.623724;32.734042;07.05.2022
Kherson Oblast;БРДМ-2;RECCE;25.02.2022;DESTROYED;АЛЁШКИ;ХЕРСОНСКАЯ ОБЛАСТЬ;46.609279;32.852767;07.05.2022
Kherson Oblast;9А33Б;AA;25.02.2022;DESTROYED;АЛЁШКИ;ХЕРСОНСКАЯ ОБЛАСТЬ;46.609190;32.848841;07.05.2022
Kherson Oblast;БРДМ-2 ВЕПР;RECCE;25.02.2022;DESTROYED;АЛЁШКИ;ХЕРСОНСКАЯ ОБЛАСТЬ;46.609205;32.843412;07.05.2022
Kherson Oblast;9А33Б;AA;25.02.2022;DESTROYED;АЛЁШКИ;ХЕРСОНСКАЯ ОБЛАСТЬ;46.609205;32.843412;07.05.2022
;БРДМ-2;RECCE;25.02.2022;DESTROYED;;;;;07.05.2022
Kharkiv Oblast;Т-64БВ;MBT;25.02.2022;DESTROYED;ХАРЬКОВ;ХАРЬКОВСКАЯ ОБЛАСТЬ;49.992172;36.231191;07.05.2022
Kherson Oblast;МТ-ЛБ;APC;25.02.2022;DESTROYED;АЛЁШКИ;ХЕРСОНСКАЯ ОБЛАСТЬ;46.611373;32.719687;07.05.2022
Kherson Oblast;9А33Б;AA;25.02.2022;DESTROYED;АЛЁШКИ;ХЕРСОНСКАЯ ОБЛАСТЬ;46.611373;32.719687;07.05.2022
Kherson Oblast;БРДМ-2;RECCE;25.02.2022;DESTROYED;АЛЁШКИ;ХЕРСОНСКАЯ ОБЛАСТЬ;46.611373;32.719687;07.05.2022
Kharkiv Oblast;БТР-4Е;APC;24.02.2022;DESTROYED;ХАРЬКОВ;ХАРЬКОВСКАЯ ОБЛАСТЬ;49.992172;36.231191;07.05.2022
Kharkiv Oblast;БТР-4Е;APC;24.02.2022;DESTROYED;ХАРЬКОВ;ХАРЬКОВСКАЯ ОБЛАСТЬ;49.992172;36.231191;07.05.2022
Kherson Oblast;Т-64БВ;MBT;24.02.2022;DESTROYED;АЛЁШКИ;ХЕРСОНСКАЯ ОБЛАСТЬ;46.611373;32.719687;07.05.2022
Kherson Oblast;5П85С;AA;24.02.2022;DESTROYED;ХЕРСОН;ХЕРСОНСКАЯ ОБЛАСТЬ;46.640319;32.614962;07.05.2022
Kherson Oblast;Т-64БВ ОБР. 2017;MBT;24.02.2022;DESTROYED;АНТОНОВКА;ХЕРСОНСКАЯ ОБЛАСТЬ;46.677855;32.719328;07.05.2022
Chernihiv Oblast;1В14;APC;24.02.2022;DESTROYED;ЧЕРНИГОВ;ЧЕРНИГОВСКАЯ ОБЛАСТЬ;51.518007;31.357514;07.05.2022
Kherson Oblast;БТР-7;APC;24.02.2022;DESTROYED;;ХЕРСОНСКАЯ ОБЛАСТЬ;46.141706;33.638024;07.05.2022
Kyiv Oblast;Т-64БВ;MBT;24.02.2022;DESTROYED;ГОСТОМЕЛЬ;КИЕВСКАЯ ОБЛАСТЬ;50.588271;30.215680;07.05.2022
Kharkiv Oblast;9П148;RECCE;06.05.2022;DESTROYED;ИЗЮМ;ХАРЬКОВСКАЯ ОБЛАСТЬ;49.247920;37.248682;07.05.2022
Kharkiv Oblast;БТР-80;APC;07.05.2022;DESTROYED;ИЗЮМ;ХАРЬКОВСКАЯ ОБЛАСТЬ;49.247920;37.248682;07.05.2022
Kharkiv Oblast;9А33Б;AA;07.05.2022;DESTROYED;БАЛАКЛЕЯ;ХАРЬКОВСКАЯ ОБЛАСТЬ;49.451414;36.842236;07.05.2022
Kharkiv Oblast;9А33Б;AA;07.05.2022;DESTROYED;БАЛАКЛЕЯ;ХАРЬКОВСКАЯ ОБЛАСТЬ;49.451414;36.842236;07.05.2022
Kharkiv Oblast;9А33Б;AA;07.05.2022;DESTROYED;БАЛАКЛЕЯ;ХАРЬКОВСКАЯ ОБЛАСТЬ;49.451414;36.842236;07.05.2022
Donetsk Oblast;Т-80БВ;MBT;08.05.2022;DESTROYED;МАРИУПОЛЬ;ДОНЕЦКАЯ ОБЛАСТЬ;47.096703;37.541440;11.05.2022
;БРДМ-2;RECCE;08.05.2022;DESTROYED;;;;;11.05.2022
;1В18;APC;10.05.2022;CAPTURED;;;;;11.05.2022
Zaporizhia Oblast;Т-64БВ ОБР. 2017;MBT;09.05.2022;DESTROYED;НОВОЕ;ЗАПОРОЖСКАЯ ОБЛАСТЬ;47.346954;35.794415;11.05.2022
;Т-64БВ;MBT;10.05.2022;DESTROYED;;;;;11.05.2022
Kharkiv Oblast;ГМЗ-З;ARV;10.05.2022;DESTROYED;ИЗЮМ;ХАРЬКОВСКАЯ ОБЛАСТЬ;49.247920;37.248682;11.05.2022
;БРДМ-2Л1;RECCE;10.05.2022;DESTROYED;;;;;11.05.2022
Kharkiv Oblast;Т-64БВ;MBT;09.05.2022;CAPTURED;ВЕЛИКАЯ КАМЫШЕВАХА;ХАРЬКОВСКАЯ ОБЛАСТЬ;49.102643;36.999972;11.05.2022
Kharkiv Oblast;Т-64БВ;MBT;09.05.2022;CAPTURED;ВЕЛИКАЯ КАМЫШЕВАХА;ХАРЬКОВСКАЯ ОБЛАСТЬ;49.102643;36.999972;11.05.2022
Donetsk Oblast;Т-80БВ;MBT;09.05.2022;CAPTURED;;ДОНЕЦКАЯ ОБЛАСТЬ;48.015877;37.802850;11.05.2022
Kharkiv Oblast;БТР-80;APC;09.05.2022;CAPTURED;ИЗЮМ;ХАРЬКОВСКАЯ ОБЛАСТЬ;49.247920;37.248682;11.05.2022
Luhansk Oblast;9П148;RECCE;09.05.2022;CAPTURED;;ЛУГАНСКАЯ ОБЛАСТЬ;48.573905;39.307642;11.05.2022
Kharkiv Oblast;Т-64БВ;MBT;08.05.2022;CAPTURED;ИЗЮМ;ХАРЬКОВСКАЯ ОБЛАСТЬ;49.247920;37.248682;11.05.2022
;БРДМ-2Л1;RECCE;08.05.2022;CAPTURED;;;;;11.05.2022
Kharkiv Oblast;БТР-3Е;APC;07.05.2022;CAPTURED;ИЗЮМ;ХАРЬКОВСКАЯ ОБЛАСТЬ;49.247920;37.248682;09.05.2022
Kharkiv Oblast;Т-64БВ ОБР. 2017;MBT;07.05.2022;CAPTURED;ИЗЮМ;ХАРЬКОВСКАЯ ОБЛАСТЬ;49.247920;37.248682;09.05.2022
;БТР-80;APC;06.05.2022;CAPTURED;;;;;09.05.2022
Mykolaiv Oblast;Т-64БВ;MBT;06.05.2022;CAPTURED;СНИГИРЕВКА;НИКОЛАЕВСКАЯ ОБЛАСТЬ;47.070827;32.799764;09.05.2022
Kharkiv Oblast;БТР-80;APC;06.05.2022;CAPTURED;ИЗЮМ;ХАРЬКОВСКАЯ ОБЛАСТЬ;49.247920;37.248682;09.05.2022
;Т-64БВ ОБР. 2017;MBT;05.05.2022;CAPTURED;;;;;09.05.2022
;Т-64БВ ОБР. 2017;MBT;05.05.2022;CAPTURED;;;;;09.05.2022
;2С7;ARTY;03.05.2022;CAPTURED;;;;;09.05.2022
;2С1;ARTY;03.05.2022;CAPTURED;;;;;09.05.2022
;2С1;ARTY;03.05.2022;CAPTURED;;;;;09.05.2022
;2С1;ARTY;03.05.2022;CAPTURED;;;;;09.05.2022
;БМД-2;AIFV;03.05.2022;CAPTURED;;;;;09.05.2022
Donetsk Oblast;БТР-70М;APC;02.05.2022;CAPTURED;ЛИМАН;ДОНЕЦКАЯ ОБЛАСТЬ;48.962550;37.823299;09.05.2022
;БРДМ-2Л1;RECCE;30.04.2022;CAPTURED;;;;;09.05.2022
Kherson Oblast;БТР-80;APC;28.04.2022;CAPTURED;;ХЕРСОНСКАЯ ОБЛАСТЬ;46.640319;32.614935;09.05.2022
Luhansk Oblast;БТР-70;APC;26.04.2022;CAPTURED;СЧАСТЬЕ;ЛУГАНСКАЯ ОБЛАСТЬ;48.737154;39.234207;09.05.2022
Luhansk Oblast;БРДМ-2;RECCE;26.04.2022;CAPTURED;СЧАСТЬЕ;ЛУГАНСКАЯ ОБЛАСТЬ;48.737154;39.234207;09.05.2022
Kharkiv Oblast;2С3;ARTY;25.04.2022;CAPTURED;КУПЯНСК;ХАРЬКОВСКАЯ ОБЛАСТЬ;49.710797;37.614779;09.05.2022
;2С1;ARTY;25.04.2022;CAPTURED;;;;;09.05.2022
;Т-64БВ;MBT;25.04.2022;CAPTURED;;;;;09.05.2022
Kharkiv Oblast;БТР-4Е;APC;25.04.2022;CAPTURED;;ХАРЬКОВСКАЯ ОБЛАСТЬ;50.081791;36.306507;09.05.2022
;Т-64 МИННЫЙ ТРАЛ;MBT;25.04.2022;CAPTURED;;;;;09.05.2022
Donetsk Oblast;БТС-4;ARV;24.04.2022;CAPTURED;СТЕПНОЕ;ДОНЕЦКАЯ ОБЛАСТЬ;47.614839;37.138321;09.05.2022
;AT-105 ICV;APC;23.04.2022;CAPTURED;;;;;09.05.2022
;Т-64БВ;MBT;23.04.2022;CAPTURED;;;;;09.05.2022
;1В15;APC;23.04.2022;CAPTURED;;;;;09.05.2022
;1В15;APC;23.04.2022;CAPTURED;;;;;09.05.2022
;1В15;APC;23.04.2022;CAPTURED;;;;;09.05.2022
;AT-105 ICV;APC;22.04.2022;CAPTURED;;;;;09.05.2022
;Т-64БВ;MBT;20.04.2022;CAPTURED;;;;;09.05.2022
Kharkiv Oblast;ГТ-МУ;APC;20.04.2022;CAPTURED;ИЗЮМ;ХАРЬКОВСКАЯ ОБЛАСТЬ;49.247920;37.248682;09.05.2022
Luhansk Oblast;Т-64БВ ОБР. 2017;MBT;20.04.2022;CAPTURED;ПОПАСНАЯ;ЛУГАНСКАЯ ОБЛАСТЬ;48.633795;38.376550;09.05.2022
Luhansk Oblast;Т-64БВ;MBT;20.04.2022;CAPTURED;ПОПАСНАЯ;ЛУГАНСКАЯ ОБЛАСТЬ;48.633795;38.376550;09.05.2022
;1В15;APC;19.04.2022;CAPTURED;;;;;09.05.2022
Donetsk Oblast;2С1;ARTY;19.04.2022;CAPTURED;МАРИУПОЛЬ;ДОНЕЦКАЯ ОБЛАСТЬ;47.096703;37.541440;09.05.2022
Donetsk Oblast;2С1;ARTY;19.04.2022;CAPTURED;МАРИУПОЛЬ;ДОНЕЦКАЯ ОБЛАСТЬ;47.096703;37.541440;09.05.2022
Luhansk Oblast;Т-64БВ;MBT;19.04.2022;CAPTURED;КРЕМЕННАЯ;ЛУГАНСКАЯ ОБЛАСТЬ;49.049943;38.221114;09.05.2022
Donetsk Oblast;БТР-80;APC;18.04.2022;CAPTURED;МАРИУПОЛЬ;ДОНЕЦКАЯ ОБЛАСТЬ;47.096703;37.541440;09.05.2022
;Т-64БВ;MBT;18.04.2022;CAPTURED;;;;;09.05.2022
Kherson Oblast;Т-64БВ ОБР. 2017;MBT;17.04.2022;CAPTURED;;ХЕРСОНСКАЯ ОБЛАСТЬ;46.640319;32.614935;09.05.2022
;Т-64Б;MBT;16.04.2022;CAPTURED;;;;;09.05.2022
Luhansk Oblast;Т-64БВ ОБР. 2017;MBT;16.04.2022;CAPTURED;ПОПАСНАЯ;ЛУГАНСКАЯ ОБЛАСТЬ;48.633795;38.376550;09.05.2022
;Т-64БВ;MBT;16.04.2022;CAPTURED;;;;;09.05.2022
Donetsk Oblast;1В15;APC;15.04.2022;CAPTURED;;ДОНЕЦКАЯ ОБЛАСТЬ;48.015877;37.802850;09.05.2022
Kharkiv Oblast;Т-72Б1;MBT;14.04.2022;CAPTURED;ИЗЮМ;ХАРЬКОВСКАЯ ОБЛАСТЬ;49.247920;37.248682;09.05.2022
Kherson Oblast;БТР-80;APC;13.04.2022;CAPTURED;;ХЕРСОНСКАЯ ОБЛАСТЬ;46.640319;32.614935;09.05.2022
Kherson Oblast;БТР-80;APC;13.04.2022;CAPTURED;;ХЕРСОНСКАЯ ОБЛАСТЬ;46.640319;32.614935;09.05.2022
Kherson Oblast;БТР-80;APC;13.04.2022;CAPTURED;;ХЕРСОНСКАЯ ОБЛАСТЬ;46.640319;32.614935;09.05.2022
Donetsk Oblast;Т-64А;MBT;13.04.2022;CAPTURED;МАРИУПОЛЬ;ДОНЕЦКАЯ ОБЛАСТЬ;47.096703;37.541440;09.05.2022
;БРДМ-2;RECCE;12.04.2022;CAPTURED;;;;;09.05.2022
;2С3;ARTY;11.04.2022;CAPTURED;;;;;09.05.2022
Kharkiv Oblast;Т-64БВ ОБР. 2017;MBT;11.04.2022;CAPTURED;;ХАРЬКОВСКАЯ ОБЛАСТЬ;50.081791;36.306507;09.05.2022
Kharkiv Oblast;Т-64БВ ОБР. 2017;MBT;11.04.2022;CAPTURED;;ХАРЬКОВСКАЯ ОБЛАСТЬ;50.081791;36.306507;09.05.2022
Kharkiv Oblast;Т-64БВ ОБР. 2017;MBT;10.04.2022;CAPTURED;;ХАРЬКОВСКАЯ ОБЛАСТЬ;50.081791;36.306507;09.05.2022
Kharkiv Oblast;Т-64БВ;MBT;09.04.2022;CAPTURED;;ХАРЬКОВСКАЯ ОБЛАСТЬ;50.081791;36.306507;09.05.2022
;AT-105 ICV;APC;09.04.2022;CAPTURED;;;;;09.05.2022
;ЗСУ-23-4;AA;09.04.2022;CAPTURED;;;;;09.05.2022
;ГМЗ-З;ARV;09.04.2022;CAPTURED;;;;;09.05.2022
Luhansk Oblast;Т-64БВ ОБР. 2017;MBT;09.04.2022;CAPTURED;СТАРОБЕЛЬСК;ЛУГАНСКАЯ ОБЛАСТЬ;49.282243;38.897393;09.05.2022
Donetsk Oblast;БРДМ-2;RECCE;08.04.2022;CAPTURED;МАРИУПОЛЬ;ДОНЕЦКАЯ ОБЛАСТЬ;47.096703;37.541440;09.05.2022
Kharkiv Oblast;БТР-3Е;APC;07.04.2022;CAPTURED;;ХАРЬКОВСКАЯ ОБЛАСТЬ;50.081791;36.306507;09.05.2022
Kharkiv Oblast;Т-72Б1;MBT;07.04.2022;CAPTURED;ИЗЮМ;ХАРЬКОВСКАЯ ОБЛАСТЬ;49.247920;37.248682;09.05.2022
;Т-64БВ;MBT;07.04.2022;CAPTURED;;;;;09.05.2022
Donetsk Oblast;БТР-80;APC;07.04.2022;CAPTURED;;ДОНЕЦКАЯ ОБЛАСТЬ;48.015877;37.802850;09.05.2022
Kharkiv Oblast;Т-72Б1;MBT;07.04.2022;CAPTURED;ИЗЮМ;ХАРЬКОВСКАЯ ОБЛАСТЬ;49.247920;37.248682;09.05.2022
;9П148;RECCE;07.04.2022;CAPTURED;;;;;09.05.2022
;9П148;RECCE;07.04.2022;CAPTURED;;;;;09.05.2022
;БТР-80;APC;06.04.2022;CAPTURED;;;;;09.05.2022
Donetsk Oblast;МТ-ЛБ;APC;06.04.2022;CAPTURED;МАРИУПОЛЬ;ДОНЕЦКАЯ ОБЛАСТЬ;47.096703;37.541440;09.05.2022
Donetsk Oblast;ИМР-1;ARV;06.04.2022;CAPTURED;МАРИУПОЛЬ;ДОНЕЦКАЯ ОБЛАСТЬ;47.096703;37.541440;09.05.2022
Donetsk Oblast;БТР-4Е;APC;06.04.2022;CAPTURED;МАРИУПОЛЬ;ДОНЕЦКАЯ ОБЛАСТЬ;47.096703;37.541440;09.05.2022
Sumy Oblast;БРДМ-2;RECCE;06.04.2022;CAPTURED;;СУМСКАЯ ОБЛАСТЬ;50.911980;34.802764;09.05.2022
Donetsk Oblast;Т-80БВ;MBT;06.04.2022;CAPTURED;МАРИУПОЛЬ;ДОНЕЦКАЯ ОБЛАСТЬ;47.096703;37.541440;09.05.2022
;БТР-80;APC;06.04.2022;CAPTURED;;;;;09.05.2022
;1В18;APC;06.04.2022;CAPTURED;;;;;09.05.2022
;1В18;APC;06.04.2022;CAPTURED;;;;;09.05.2022
;1В18;APC;06.04.2022;CAPTURED;;;;;09.05.2022
;9П148;RECCE;06.04.2022;CAPTURED;;;;;09.05.2022
;9П148;RECCE;06.04.2022;CAPTURED;;;;;09.05.2022
;2С3;ARTY;06.04.2022;CAPTURED;;;;;09.05.2022
Luhansk Oblast;БТР-4Е;APC;04.04.2022;CAPTURED;ПОПАСНАЯ;ЛУГАНСКАЯ ОБЛАСТЬ;48.633795;38.376550;09.05.2022
Donetsk Oblast;БМД-2;AIFV;03.04.2022;CAPTURED;НОВОБАХМУТОВКА;ДОНЕЦКАЯ ОБЛАСТЬ;48.248958;37.781937;09.05.2022
Donetsk Oblast;БТР-60-ПУ12;APC;01.04.2022;CAPTURED;МАРИУПОЛЬ;ДОНЕЦКАЯ ОБЛАСТЬ;47.096703;37.541440;09.05.2022
Kharkiv Oblast;БТР-4Е;APC;31.03.2022;CAPTURED;ИЗЮМ;ХАРЬКОВСКАЯ ОБЛАСТЬ;49.191272;37.278272;09.05.2022
Kharkiv Oblast;БТР-4Е;APC;31.03.2022;CAPTURED;ИЗЮМ;ХАРЬКОВСКАЯ ОБЛАСТЬ;49.191272;37.278272;09.05.2022
Kharkiv Oblast;БТР-4Е;APC;31.03.2022;CAPTURED;ИЗЮМ;ХАРЬКОВСКАЯ ОБЛАСТЬ;49.191272;37.278272;09.05.2022
Kharkiv Oblast;БТР-4Е;APC;31.03.2022;CAPTURED;ИЗЮМ;ХАРЬКОВСКАЯ ОБЛАСТЬ;49.191272;37.278272;09.05.2022
Zaporizhia Oblast;Т-72АМТ;MBT;30.03.2022;CAPTURED;;ЗАПОРОЖСКАЯ ОБЛАСТЬ;47.221454;35.706124;09.05.2022
Zaporizhia Oblast;БТР-70;APC;30.03.2022;CAPTURED;;ЗАПОРОЖСКАЯ ОБЛАСТЬ;47.221454;35.706124;09.05.2022
Zaporizhia Oblast;БТР-4Е;APC;30.03.2022;CAPTURED;;ЗАПОРОЖСКАЯ ОБЛАСТЬ;47.221454;35.706124;09.05.2022
Luhansk Oblast;35Д6;AA;30.03.2022;CAPTURED;СВАТОВО;ЛУГАНСКАЯ ОБЛАСТЬ;49.409282;38.162050;09.05.2022
Kharkiv Oblast;Т-64БВ;MBT;30.03.2022;CAPTURED;ПЕЧЕНЕГИ;ХАРЬКОВСКАЯ ОБЛАСТЬ;49.864659;36.932311;09.05.2022
Donetsk Oblast;БРДМ-2;RECCE;28.03.2022;CAPTURED;МАРИУПОЛЬ;ДОНЕЦКАЯ ОБЛАСТЬ;47.096703;37.541440;09.05.2022
Luhansk Oblast;Т-64БВ;MBT;28.03.2022;CAPTURED;СЕВЕРОДОНЕЦК;ЛУГАНСКАЯ ОБЛАСТЬ;48.953355;38.490268;09.05.2022
;Т-64БВ ОБР. 2017;MBT;27.03.2022;CAPTURED;;;;;09.05.2022
Kyiv Oblast;Т-72АГ;MBT;25.03.2022;CAPTURED;ГОСТОМЕЛЬ;КИЕВСКАЯ ОБЛАСТЬ;50.580265;30.264853;09.05.2022
;2С5;ARTY;25.03.2022;CAPTURED;;;;;09.05.2022
;2С5;ARTY;25.03.2022;CAPTURED;;;;;09.05.2022
;БАТ-2;ARV;25.03.2022;CAPTURED;;;;;09.05.2022
;Т-64БВК;MBT;25.03.2022;CAPTURED;;;;;09.05.2022
Chernihiv Oblast;9А35;AA;24.03.2022;CAPTURED;;ЧЕРНИГОВСКАЯ ОБЛАСТЬ;51.491512;31.298320;09.05.2022
Donetsk Oblast;БРДМ-2Л1;RECCE;23.03.2022;CAPTURED;;ДОНЕЦКАЯ ОБЛАСТЬ;48.015877;37.802850;09.05.2022
Donetsk Oblast;БТР-80;APC;22.03.2022;CAPTURED;МАРИУПОЛЬ;ДОНЕЦКАЯ ОБЛАСТЬ;47.096703;37.541440;09.05.2022
Chernihiv Oblast;Т-72АМТ;MBT;22.03.2022;CAPTURED;;ЧЕРНИГОВСКАЯ ОБЛАСТЬ;51.491512;31.298320;09.05.2022
Donetsk Oblast;БРДМ-2;RECCE;22.03.2022;CAPTURED;СТЕПНОЕ;ДОНЕЦКАЯ ОБЛАСТЬ;47.614839;37.138321;09.05.2022
;Т-64БВ;MBT;21.03.2022;CAPTURED;;;;;09.05.2022
;БТР-4Е;APC;20.03.2022;CAPTURED;;;;;09.05.2022
;БТР-80;APC;20.03.2022;CAPTURED;;;;;09.05.2022
Donetsk Oblast;БТР-70;APC;20.03.2022;CAPTURED;МАРИУПОЛЬ;ДОНЕЦКАЯ ОБЛАСТЬ;47.096703;37.541440;09.05.2022
Donetsk Oblast;БТР-70;APC;20.03.2022;CAPTURED;ДОНСКОЕ;ДОНЕЦКАЯ ОБЛАСТЬ;47.514305;37.536670;09.05.2022
Luhansk Oblast;БТР-7;APC;20.03.2022;CAPTURED;ПОПАСНАЯ;ЛУГАНСКАЯ ОБЛАСТЬ;48.633795;38.376550;09.05.2022
;Т-64БВ;MBT;20.03.2022;CAPTURED;;;;;09.05.2022
Donetsk Oblast;БТР-7;APC;18.03.2022;CAPTURED;МАРИУПОЛЬ;ДОНЕЦКАЯ ОБЛАСТЬ;47.096703;37.541440;09.05.2022
Kharkiv Oblast;БТР-4Е;APC;17.03.2022;CAPTURED;;ХАРЬКОВСКАЯ ОБЛАСТЬ;;;09.05.2022
;БТР-4Е;APC;17.03.2022;CAPTURED;;;;;09.05.2022
;Т-64БВ ОБР. 2017;MBT;16.03.2022;CAPTURED;;;;;09.05.2022
;Т-64Б1М;MBT;16.03.2022;CAPTURED;;;;;09.05.2022
;БТР-80;APC;15.03.2022;CAPTURED;;;;;09.05.2022
Kherson Oblast;БРДМ-2;RECCE;15.03.2022;CAPTURED;;ХЕРСОНСКАЯ ОБЛАСТЬ;46.640319;32.614935;09.05.2022
Kherson Oblast;БРДМ-2;RECCE;15.03.2022;CAPTURED;;ХЕРСОНСКАЯ ОБЛАСТЬ;46.640319;32.614935;09.05.2022
Kherson Oblast;Т-64БВ;MBT;15.03.2022;CAPTURED;;ХЕРСОНСКАЯ ОБЛАСТЬ;46.640319;32.614935;09.05.2022
Kherson Oblast;Т-64БВ;MBT;15.03.2022;CAPTURED;;ХЕРСОНСКАЯ ОБЛАСТЬ;46.640319;32.614935;09.05.2022
Kherson Oblast;Т-64БВ ОБР. 2017;MBT;15.03.2022;CAPTURED;;ХЕРСОНСКАЯ ОБЛАСТЬ;46.640319;32.614935;09.05.2022
Kherson Oblast;Т-64БВ ОБР. 2017;MBT;15.03.2022;CAPTURED;;ХЕРСОНСКАЯ ОБЛАСТЬ;46.640319;32.614935;09.05.2022
Kherson Oblast;Т-64БВ ОБР. 2017;MBT;15.03.2022;CAPTURED;;ХЕРСОНСКАЯ ОБЛАСТЬ;46.640319;32.614935;09.05.2022
Kherson Oblast;Т-64БВ ОБР. 2017;MBT;15.03.2022;CAPTURED;;ХЕРСОНСКАЯ ОБЛАСТЬ;46.640319;32.614935;09.05.2022
;2С1;ARTY;15.03.2022;CAPTURED;;;;;09.05.2022
;БТР-80;APC;15.03.2022;CAPTURED;;;;;09.05.2022
;БТР-80;APC;15.03.2022;CAPTURED;;;;;09.05.2022
;БТР-80;APC;14.03.2022;CAPTURED;;;;;09.05.2022
;БТР-80;APC;14.03.2022;CAPTURED;;;;;09.05.2022
Donetsk Oblast;БТР-4Е;APC;14.03.2022;CAPTURED;МАРИУПОЛЬ;ДОНЕЦКАЯ ОБЛАСТЬ;47.096703;37.541440;09.05.2022
Donetsk Oblast;Т-64Б;MBT;14.03.2022;CAPTURED;ВОЛНОВАХА;ДОНЕЦКАЯ ОБЛАСТЬ;47.598505;37.483512;09.05.2022
Mykolaiv Oblast;5П85С;AA;14.03.2022;CAPTURED;;НИКОЛАЕВСКАЯ ОБЛАСТЬ;46.975574;31.993813;09.05.2022
;9П148;RECCE;14.03.2022;CAPTURED;;;;;09.05.2022
;БТС-4;ARV;14.03.2022;CAPTURED;;;;;09.05.2022
;Т-64БВ ОБР. 2017;MBT;14.03.2022;CAPTURED;;;;;09.05.2022
Donetsk Oblast;Т-64БВ;MBT;12.03.2022;CAPTURED;ВОЛНОВАХА;ДОНЕЦКАЯ ОБЛАСТЬ;47.598505;37.483512;09.05.2022
Luhansk Oblast;Т-64БВ;MBT;12.03.2022;CAPTURED;;ЛУГАНСКАЯ ОБЛАСТЬ;48.573905;39.307642;09.05.2022
Donetsk Oblast;Т-64БВ ОБР. 2017;MBT;12.03.2022;CAPTURED;СТАРОИГНАТОВКА;ДОНЕЦКАЯ ОБЛАСТЬ;47.541082;37.779826;09.05.2022
Donetsk Oblast;Т-64БВ ОБР. 2017;MBT;12.03.2022;CAPTURED;СТАРОИГНАТОВКА;ДОНЕЦКАЯ ОБЛАСТЬ;47.541082;37.779826;09.05.2022
Donetsk Oblast;Т-64БВ;MBT;12.03.2022;CAPTURED;СТАРОИГНАТОВКА;ДОНЕЦКАЯ ОБЛАСТЬ;47.541082;37.779826;09.05.2022
;МТ-ЛБ;APC;12.03.2022;CAPTURED;;;;;09.05.2022
;Т-80БВ;MBT;12.03.2022;CAPTURED;;;;;09.05.2022
;Т-64БВ;MBT;12.03.2022;CAPTURED;;;;;09.05.2022
;БРЭМ-1;ARV;12.03.2022;CAPTURED;;;;;09.05.2022
;ЗСУ-23-4;AA;12.03.2022;CAPTURED;;;;;09.05.2022
Donetsk Oblast;БРДМ-2Л1;RECCE;11.03.2022;CAPTURED;АНАДОЛЬ;ДОНЕЦКАЯ ОБЛАСТЬ;47.450650;37.581388;09.05.2022
Donetsk Oblast;Т-64БВ ОБР. 2017;MBT;11.03.2022;CAPTURED;ВОЛНОВАХА;ДОНЕЦКАЯ ОБЛАСТЬ;47.598505;37.483512;09.05.2022
Donetsk Oblast;БТР-7;APC;11.03.2022;CAPTURED;ВОЛНОВАХА;ДОНЕЦКАЯ ОБЛАСТЬ;47.598505;37.483512;09.05.2022
Donetsk Oblast;Т-64БВ ОБР. 2017;MBT;11.03.2022;CAPTURED;ВОЛНОВАХА;ДОНЕЦКАЯ ОБЛАСТЬ;47.598505;37.483512;09.05.2022
Donetsk Oblast;Т-64БВ;MBT;11.03.2022;CAPTURED;ВОЛНОВАХА;ДОНЕЦКАЯ ОБЛАСТЬ;47.598505;37.483512;09.05.2022
Donetsk Oblast;Т-64БВ;MBT;11.03.2022;CAPTURED;ВОЛНОВАХА;ДОНЕЦКАЯ ОБЛАСТЬ;47.598505;37.483512;09.05.2022
;БРДМ-2;RECCE;10.03.2022;CAPTURED;;;;;09.05.2022
Luhansk Oblast;БРДМ-2РХБ;RECCE;10.03.2022;CAPTURED;ПОЛОВИНКИНО;ЛУГАНСКАЯ ОБЛАСТЬ;49.229553;38.919366;09.05.2022
;БРДМ-2;RECCE;10.03.2022;CAPTURED;;;;;09.05.2022
;БРДМ-2;RECCE;10.03.2022;CAPTURED;;;;;09.05.2022
;БТР-4Е;APC;09.03.2022;CAPTURED;;;;;09.05.2022
Kharkiv Oblast;БТР-4Е;APC;09.03.2022;CAPTURED;;ХАРЬКОВСКАЯ ОБЛАСТЬ;50.081791;36.306507;09.05.2022
Donetsk Oblast;БРДМ-2Л1;RECCE;09.03.2022;CAPTURED;НОВОТРОИЦКОЕ;ДОНЕЦКАЯ ОБЛАСТЬ;47.717179;37.576160;09.05.2022
Kherson Oblast;9А33Б;AA;08.03.2022;CAPTURED;АЛЁШКИ;ХЕРСОНСКАЯ ОБЛАСТЬ;46.611373;32.719687;09.05.2022
Kherson Oblast;9А33Б;AA;08.03.2022;CAPTURED;АЛЁШКИ;ХЕРСОНСКАЯ ОБЛАСТЬ;46.611373;32.719687;09.05.2022
Zaporizhia Oblast;1В18;APC;07.03.2022;CAPTURED;БЕРДЯНСК;ЗАПОРОЖСКАЯ ОБЛАСТЬ;46.755673;36.789317;09.05.2022
Zaporizhia Oblast;СНАР-10;APC;07.03.2022;CAPTURED;БЕРДЯНСК;ЗАПОРОЖСКАЯ ОБЛАСТЬ;46.755673;36.789317;09.05.2022
Kharkiv Oblast;БТР-4Е;APC;06.03.2022;CAPTURED;;ХАРЬКОВСКАЯ ОБЛАСТЬ;50.081791;36.306507;09.05.2022
Kherson Oblast;БРДМ-2Л1;RECCE;05.03.2022;CAPTURED;;ХЕРСОНСКАЯ ОБЛАСТЬ;46.611373;32.719687;09.05.2022
Kherson Oblast;БРДМ-2Л1;RECCE;05.03.2022;CAPTURED;;ХЕРСОНСКАЯ ОБЛАСТЬ;46.611373;32.719687;09.05.2022
Kherson Oblast;БРДМ-2РХБ;RECCE;05.03.2022;CAPTURED;;ХЕРСОНСКАЯ ОБЛАСТЬ;46.611373;32.719687;09.05.2022
Kherson Oblast;БРДМ-2РХБ;RECCE;05.03.2022;CAPTURED;;ХЕРСОНСКАЯ ОБЛАСТЬ;46.611373;32.719687;09.05.2022
Donetsk Oblast;БРДМ-2;RECCE;05.03.2022;CAPTURED;ГРАНИТНОЕ;ДОНЕЦКАЯ ОБЛАСТЬ;47.461111;37.865957;09.05.2022
Kherson Oblast;БТР-60ПБ;APC;05.03.2022;CAPTURED;;ХЕРСОНСКАЯ ОБЛАСТЬ;46.611373;32.719687;09.05.2022
Kherson Oblast;Т-64БВ ОБР. 2017;MBT;05.03.2022;CAPTURED;;ХЕРСОНСКАЯ ОБЛАСТЬ;46.611373;32.719687;09.05.2022
Kherson Oblast;Т-64БВ ОБР. 2017;MBT;05.03.2022;CAPTURED;;ХЕРСОНСКАЯ ОБЛАСТЬ;46.611373;32.719687;09.05.2022
Kherson Oblast;РХМ;APC;05.03.2022;CAPTURED;;ХЕРСОНСКАЯ ОБЛАСТЬ;46.611373;32.719687;09.05.2022
Kherson Oblast;БРДМ-2РХБ;RECCE;05.03.2022;CAPTURED;;ХЕРСОНСКАЯ ОБЛАСТЬ;46.611373;32.719687;09.05.2022
Kherson Oblast;БАТ-2;ARV;05.03.2022;CAPTURED;;ХЕРСОНСКАЯ ОБЛАСТЬ;46.611373;32.719687;09.05.2022
Kherson Oblast;МТ-ЛБ;APC;05.03.2022;CAPTURED;;ХЕРСОНСКАЯ ОБЛАСТЬ;46.611373;32.719687;09.05.2022
Kherson Oblast;МТ-ЛБ;APC;05.03.2022;CAPTURED;;ХЕРСОНСКАЯ ОБЛАСТЬ;46.611373;32.719687;09.05.2022
Kherson Oblast;МТ-ЛБ;APC;05.03.2022;CAPTURED;;ХЕРСОНСКАЯ ОБЛАСТЬ;46.611373;32.719687;09.05.2022
Kherson Oblast;РХМ;APC;05.03.2022;CAPTURED;;ХЕРСОНСКАЯ ОБЛАСТЬ;46.611373;32.719687;09.05.2022
Kherson Oblast;ППРУ-1;APC;05.03.2022;CAPTURED;;ХЕРСОНСКАЯ ОБЛАСТЬ;46.611373;32.719687;09.05.2022
Luhansk Oblast;Т-64БВ;MBT;04.03.2022;CAPTURED;СЧАСТЬЕ;ЛУГАНСКАЯ ОБЛАСТЬ;48.737154;39.234207;09.05.2022
Luhansk Oblast;Т-64БВ ОБР. 2017;MBT;04.03.2022;CAPTURED;НИЖНЕТЕПЛОЕ;ЛУГАНСКАЯ ОБЛАСТЬ;48.796763;39.345751;09.05.2022
Donetsk Oblast;Т-64Б1;MBT;04.03.2022;CAPTURED;ВОЛНОВАХА;ДОНЕЦКАЯ ОБЛАСТЬ;47.598505;37.483512;09.05.2022
Kharkiv Oblast;БТР-4Е;APC;04.03.2022;CAPTURED;ХАРЬКОВ;ХАРЬКОВСКАЯ ОБЛАСТЬ;50.053756;36.347771;09.05.2022
Kharkiv Oblast;БТР-4Е;APC;04.03.2022;CAPTURED;;ХАРЬКОВСКАЯ ОБЛАСТЬ;;;09.05.2022
Luhansk Oblast;БРДМ-2Л1;RECCE;03.03.2022;CAPTURED;ПЕТРОПАВЛОВКА;ЛУГАНСКАЯ ОБЛАСТЬ;48.812037;39.262091;09.05.2022
Luhansk Oblast;AT-105 ICV;APC;03.03.2022;CAPTURED;НОВОАЙДАР;ЛУГАНСКАЯ ОБЛАСТЬ;48.973135;39.003107;09.05.2022
Luhansk Oblast;Т-64БВ;MBT;03.03.2022;CAPTURED;НОВОАЙДАР;ЛУГАНСКАЯ ОБЛАСТЬ;48.973135;39.003107;09.05.2022
Luhansk Oblast;БТР-60ПБ;APC;03.03.2022;CAPTURED;НОВОАЙДАР;ЛУГАНСКАЯ ОБЛАСТЬ;48.973135;39.003107;09.05.2022
Kharkiv Oblast;БТР-4Е;APC;03.03.2022;CAPTURED;;ХАРЬКОВСКАЯ ОБЛАСТЬ;50.081791;36.306507;09.05.2022
;БТР-4Е;APC;03.03.2022;CAPTURED;;;;;09.05.2022
Luhansk Oblast;БТР-80;APC;03.03.2022;CAPTURED;СВАТОВО;ЛУГАНСКАЯ ОБЛАСТЬ;49.409282;38.162050;09.05.2022
Luhansk Oblast;БТР-80;APC;03.03.2022;CAPTURED;СВАТОВО;ЛУГАНСКАЯ ОБЛАСТЬ;49.409282;38.162050;09.05.2022
;Т-64БВ ОБР. 2017;MBT;03.03.2022;CAPTURED;;;;;09.05.2022
;Т-64БВ ОБР. 2017;MBT;02.03.2022;CAPTURED;;;;;09.05.2022
;БТР-80;APC;02.03.2022;CAPTURED;;;;;09.05.2022
Luhansk Oblast;БРДМ-2;RECCE;01.03.2022;CAPTURED;СЧАСТЬЕ;ЛУГАНСКАЯ ОБЛАСТЬ;48.737154;39.234207;09.05.2022
Luhansk Oblast;БРДМ-2;RECCE;01.03.2022;CAPTURED;СЧАСТЬЕ;ЛУГАНСКАЯ ОБЛАСТЬ;48.737154;39.234207;09.05.2022
;2С1;ARTY;01.03.2022;CAPTURED;;;;;09.05.2022
Luhansk Oblast;Т-64БВ;MBT;01.03.2022;CAPTURED;ШИРОКИЙ;ЛУГАНСКАЯ ОБЛАСТЬ;48.331244;38.856825;09.05.2022
Luhansk Oblast;Т-64БВ;MBT;01.03.2022;CAPTURED;ШИРОКИЙ;ЛУГАНСКАЯ ОБЛАСТЬ;48.331244;38.856825;09.05.2022
Luhansk Oblast;БТР-60ПБ;APC;01.03.2022;CAPTURED;ШИРОКИЙ;ЛУГАНСКАЯ ОБЛАСТЬ;48.331244;38.856825;09.05.2022
;9П148;RECCE;28.02.2022;CAPTURED;;;;;09.05.2022
Kyiv Oblast;Т-64БВ;MBT;28.02.2022;CAPTURED;ГОСТОМЕЛЬ;КИЕВСКАЯ ОБЛАСТЬ;50.580265;30.264853;09.05.2022
Kyiv Oblast;Т-64БВ;MBT;28.02.2022;CAPTURED;ГОСТОМЕЛЬ;КИЕВСКАЯ ОБЛАСТЬ;50.580265;30.264853;09.05.2022
Kyiv Oblast;Т-64БВ;MBT;28.02.2022;CAPTURED;ГОСТОМЕЛЬ;КИЕВСКАЯ ОБЛАСТЬ;50.580265;30.264853;09.05.2022
Kyiv Oblast;Т-64БВ;MBT;28.02.2022;CAPTURED;ГОСТОМЕЛЬ;КИЕВСКАЯ ОБЛАСТЬ;50.580265;30.264853;09.05.2022
Kyiv Oblast;Т-64БВ;MBT;28.02.2022;CAPTURED;ГОСТОМЕЛЬ;КИЕВСКАЯ ОБЛАСТЬ;50.580265;30.264853;09.05.2022
Kyiv Oblast;Т-64БВ;MBT;28.02.2022;CAPTURED;ГОСТОМЕЛЬ;КИЕВСКАЯ ОБЛАСТЬ;50.580265;30.264853;09.05.2022
Kyiv Oblast;БТР-3М2;APC;28.02.2022;CAPTURED;ГОСТОМЕЛЬ;КИЕВСКАЯ ОБЛАСТЬ;50.580265;30.264853;09.05.2022
Kyiv Oblast;Т-72Б;MBT;28.02.2022;CAPTURED;ГОСТОМЕЛЬ;КИЕВСКАЯ ОБЛАСТЬ;50.580265;30.264853;09.05.2022
;БТР-60ПБ;APC;28.02.2022;CAPTURED;;;;;09.05.2022
;БТР-80;APC;26.02.2022;CAPTURED;;;;;09.05.2022
Sumy Oblast;БМП-1;AIFV;24.02.2022;DESTROYED;ГЛУХОВ;СУМСКАЯ ОБЛАСТЬ;51.678068;33.912848;12.05.2022
Sumy Oblast;БМП-1;AIFV;24.02.2022;DESTROYED;ГЛУХОВ;СУМСКАЯ ОБЛАСТЬ;51.678068;33.912848;12.05.2022
Sumy Oblast;БМП-1;AIFV;24.02.2022;CAPTURED;ГЛУХОВ;СУМСКАЯ ОБЛАСТЬ;51.678068;33.912848;12.05.2022
Sumy Oblast;БМП-1;AIFV;24.02.2022;CAPTURED;ГЛУХОВ;СУМСКАЯ ОБЛАСТЬ;51.678068;33.912848;12.05.2022
Donetsk Oblast;БРМ-1К;AIFV;24.02.2022;CAPTURED;БОГДАНОВКА;ДОНЕЦКАЯ ОБЛАСТЬ;47.627720;37.756461;12.05.2022
Donetsk Oblast;БМП-1;AIFV;24.02.2022;CAPTURED;БОГДАНОВКА;ДОНЕЦКАЯ ОБЛАСТЬ;47.627720;37.756461;12.05.2022
Kherson Oblast;БМП-1;AIFV;25.02.2022;CAPTURED;ТАРАСОВКА;ХЕРСОНСКАЯ ОБЛАСТЬ;46.455222;33.011222;12.05.2022
Kherson Oblast;БМП-1;AIFV;25.02.2022;DESTROYED;ТАРАСОВКА;ХЕРСОНСКАЯ ОБЛАСТЬ;46.455222;33.011222;12.05.2022
Kherson Oblast;БМП-1;AIFV;26.02.2022;DESTROYED;;ХЕРСОНСКАЯ ОБЛАСТЬ;46.611373;32.719687;12.05.2022
Kherson Oblast;БМП-1;AIFV;26.02.2022;DESTROYED;МОЛОДЕЖНОЕ;ХЕРСОНСКАЯ ОБЛАСТЬ;46.729306;32.689917;12.05.2022
Sumy Oblast;БМП-1;AIFV;26.02.2022;DESTROYED;СУМЫ;СУМСКАЯ ОБЛАСТЬ;50.911980;34.802764;12.05.2022
Donetsk Oblast;БМП-1;AIFV;26.02.2022;CAPTURED;БОГДАНОВКА;ДОНЕЦКАЯ ОБЛАСТЬ;47.627720;37.756461;12.05.2022
Kherson Oblast;БМП-1;AIFV;26.02.2022;CAPTURED;;ХЕРСОНСКАЯ ОБЛАСТЬ;46.611373;32.719687;12.05.2022
Kherson Oblast;БМП-1;AIFV;26.02.2022;CAPTURED;РАДЕНСК;ХЕРСОНСКАЯ ОБЛАСТЬ;46.581667;32.947917;12.05.2022
Kherson Oblast;БМП-1;AIFV;26.02.2022;CAPTURED;РАДЕНСК;ХЕРСОНСКАЯ ОБЛАСТЬ;46.581667;32.947917;12.05.2022
Sumy Oblast;БМП-1;AIFV;26.02.2022;CAPTURED;СУМЫ;СУМСКАЯ ОБЛАСТЬ;50.911980;34.802764;12.05.2022
Donetsk Oblast;БРМ-1К;AIFV;28.02.2022;DESTROYED;БУГАС;ДОНЕЦКАЯ ОБЛАСТЬ;47.634783;37.561275;12.05.2022
Donetsk Oblast;БМП-1КШ;AIFV;02.03.2022;DESTROYED;ВОЛНОВАХА;ДОНЕЦКАЯ ОБЛАСТЬ;47.598505;37.483512;12.05.2022
Kyiv Oblast;БМП-1ТС;AIFV;04.03.2022;DESTROYED;МАКАРОВ;КИЕВСКАЯ ОБЛАСТЬ;50.467221;29.814851;12.05.2022
Donetsk Oblast;БМП-1;AIFV;05.03.2022;DESTROYED;КАЛЬЧИНОВКА;ДОНЕЦКАЯ ОБЛАСТЬ;47.350722;37.136139;12.05.2022
Donetsk Oblast;БМП-1;AIFV;06.03.2022;CAPTURED;ДОНСКОЕ;ДОНЕЦКАЯ ОБЛАСТЬ;47.514305;37.536670;12.05.2022
Luhansk Oblast;БРМ-1К;AIFV;06.03.2022;CAPTURED;;ЛУГАНСКАЯ ОБЛАСТЬ;48.573905;39.307642;12.05.2022
Luhansk Oblast;БМП-1;AIFV;06.03.2022;CAPTURED;;ЛУГАНСКАЯ ОБЛАСТЬ;48.573905;39.307642;12.05.2022
Donetsk Oblast;БРМ-1К;AIFV;06.03.2022;DESTROYED;ВОЛНОВАХА;ДОНЕЦКАЯ ОБЛАСТЬ;47.598505;37.483512;12.05.2022
Donetsk Oblast;БРМ-1К;AIFV;10.03.2022;CAPTURED;НОВОТРОИЦКОЕ;ДОНЕЦКАЯ ОБЛАСТЬ;47.717179;37.576160;12.05.2022
Donetsk Oblast;БМП-2;AIFV;11.03.2022;CAPTURED;ВОЛНОВАХА;ДОНЕЦКАЯ ОБЛАСТЬ;47.598505;37.483512;12.05.2022
Donetsk Oblast;БМП-1;AIFV;11.03.2022;DESTROYED;ВОЛНОВАХА;ДОНЕЦКАЯ ОБЛАСТЬ;47.594667;37.501278;12.05.2022
Donetsk Oblast;БРМ-1К;AIFV;11.03.2022;DESTROYED;ВОЛНОВАХА;ДОНЕЦКАЯ ОБЛАСТЬ;47.612111;37.486278;12.05.2022
Donetsk Oblast;БМП-2;AIFV;11.03.2022;DESTROYED;ВОЛНОВАХА;ДОНЕЦКАЯ ОБЛАСТЬ;47.611389;37.486667;12.05.2022
Kyiv Oblast;БМП-1;AIFV;25.03.2022;DESTROYED;ОБУХОВИЧИ;КИЕВСКАЯ ОБЛАСТЬ;50.993000;29.770611;12.05.2022
Donetsk Oblast;БМП-1;AIFV;11.03.2022;DESTROYED;ВОЛНОВАХА;ДОНЕЦКАЯ ОБЛАСТЬ;47.610944;37.488528;12.05.2022
Donetsk Oblast;БМП-2;AIFV;11.03.2022;DESTROYED;ВОЛНОВАХА;ДОНЕЦКАЯ ОБЛАСТЬ;47.598505;37.483512;12.05.2022
Donetsk Oblast;БМП-1;AIFV;11.03.2022;DESTROYED;ВОЛНОВАХА;ДОНЕЦКАЯ ОБЛАСТЬ;47.598505;37.483512;12.05.2022
Donetsk Oblast;БМП-2;AIFV;11.03.2022;DESTROYED;ВОЛНОВАХА;ДОНЕЦКАЯ ОБЛАСТЬ;47.598505;37.483512;12.05.2022
Luhansk Oblast;БМП-1;AIFV;14.03.2022;CAPTURED;;ЛУГАНСКАЯ ОБЛАСТЬ;48.573905;39.307642;12.05.2022
Donetsk Oblast;БРМ-1К;AIFV;14.03.2022;CAPTURED;;ДОНЕЦКАЯ ОБЛАСТЬ;48.015877;37.802850;12.05.2022
Luhansk Oblast;БМП-1;AIFV;17.03.2022;CAPTURED;;ЛУГАНСКАЯ ОБЛАСТЬ;48.573905;39.307642;12.05.2022
Donetsk Oblast;БМП-1;AIFV;20.03.2022;DESTROYED;СТЕПНОЕ;ДОНЕЦКАЯ ОБЛАСТЬ;47.788528;37.554917;12.05.2022
Donetsk Oblast;БМП-1;AIFV;20.03.2022;DESTROYED;СТЕПНОЕ;ДОНЕЦКАЯ ОБЛАСТЬ;47.788528;37.554917;12.05.2022
Donetsk Oblast;БРМ-1К;AIFV;03.05.2022;CAPTURED;ВОЛНОВАХА;ДОНЕЦКАЯ ОБЛАСТЬ;47.598505;37.483512;12.05.2022
Luhansk Oblast;БМП-1;AIFV;25.03.2022;DESTROYED;СТАРОБЕЛЬСК;ЛУГАНСКАЯ ОБЛАСТЬ;49.282243;38.897393;12.05.2022
Luhansk Oblast;БМП-1;AIFV;25.03.2022;DESTROYED;СТАРОБЕЛЬСК;ЛУГАНСКАЯ ОБЛАСТЬ;49.282243;38.897393;12.05.2022
Zaporizhia Oblast;БМП-1;AIFV;25.03.2022;DESTROYED;ТЕРПЕНИЕ;ЗАПОРОЖСКАЯ ОБЛАСТЬ;46.987347;35.423455;12.05.2022
Sumy Oblast;БМП-1;AIFV;24.02.2022;DESTROYED;БЕРЁЗА;СУМСКАЯ ОБЛАСТЬ;51.715806;33.871694;12.05.2022
Donetsk Oblast;БМП-1;AIFV;10.03.2022;DESTROYED;НОВОТРОИЦКОЕ;ДОНЕЦКАЯ ОБЛАСТЬ;47.717179;37.576160;12.05.2022
Donetsk Oblast;БМП-1;AIFV;11.03.2022;DESTROYED;ВОЛНОВАХА;ДОНЕЦКАЯ ОБЛАСТЬ;47.598505;37.483512;12.05.2022
Donetsk Oblast;БМП-2;AIFV;03.04.2022;CAPTURED;НОВОБАХМУТОВКА;ДОНЕЦКАЯ ОБЛАСТЬ;48.248958;37.781937;12.05.2022
Kherson Oblast;БМП-1;AIFV;02.04.2022;CAPTURED;;ХЕРСОНСКАЯ ОБЛАСТЬ;46.611373;32.719687;12.05.2022
Kyiv Oblast;БМП-1;AIFV;02.04.2022;DESTROYED;ЛИПОВКА;КИЕВСКАЯ ОБЛАСТЬ;50.507424;29.810188;12.05.2022
Donetsk Oblast;БМП-1;AIFV;01.04.2022;DESTROYED;МАРЬИНКА;ДОНЕЦКАЯ ОБЛАСТЬ;47.941527;37.503918;12.05.2022
Donetsk Oblast;БМП-1;AIFV;01.04.2022;DESTROYED;МАРЬИНКА;ДОНЕЦКАЯ ОБЛАСТЬ;47.941527;37.503918;12.05.2022
Donetsk Oblast;БРМ-1К;AIFV;06.04.2022;DESTROYED;;ДОНЕЦКАЯ ОБЛАСТЬ;48.015877;37.802850;12.05.2022
Donetsk Oblast;БМП-1;AIFV;28.03.2022;CAPTURED;;ДОНЕЦКАЯ ОБЛАСТЬ;48.015877;37.802850;12.05.2022
Donetsk Oblast;БМП-1;AIFV;28.03.2022;CAPTURED;;ДОНЕЦКАЯ ОБЛАСТЬ;48.015877;37.802850;12.05.2022
Luhansk Oblast;БМП-1;AIFV;06.04.2022;CAPTURED;;ЛУГАНСКАЯ ОБЛАСТЬ;48.573905;39.307642;12.05.2022
Luhansk Oblast;БМП-2;AIFV;25.03.2022;DESTROYED;СТАРОБЕЛЬСК;ЛУГАНСКАЯ ОБЛАСТЬ;49.282243;38.897393;12.05.2022
Zaporizhia Oblast;БМП-1;AIFV;11.04.2022;CAPTURED;ТЕРПЕНИЕ;ЗАПОРОЖСКАЯ ОБЛАСТЬ;46.987347;35.423455;12.05.2022
Chernihiv Oblast;БМП-1;AIFV;07.03.2022;DESTROYED;ИВАНОВКА;ЧЕРНИГОВСКАЯ ОБЛАСТЬ;51.388056;31.295028;12.05.2022
Chernihiv Oblast;БМП-1;AIFV;07.03.2022;DESTROYED;ИВАНОВКА;ЧЕРНИГОВСКАЯ ОБЛАСТЬ;51.388056;31.295028;12.05.2022
Kyiv Oblast;БМП-1;AIFV;06.04.2022;DESTROYED;ФЕНЕВИЧИ;КИЕВСКАЯ ОБЛАСТЬ;50.832194;30.075861;12.05.2022
Donetsk Oblast;БМП-1;AIFV;07.04.2022;DESTROYED;МАЛЫЙ КЕРМЕНЧИК;ДОНЕЦКАЯ ОБЛАСТЬ;47.630781;36.982374;12.05.2022
;БМП-1У;AIFV;09.04.2022;CAPTURED;;;;;12.05.2022
Donetsk Oblast;БМП-1;AIFV;14.04.2022;CAPTURED;;ДОНЕЦКАЯ ОБЛАСТЬ;48.015877;37.802850;12.05.2022
Donetsk Oblast;БМП-1КШ;AIFV;14.04.2022;CAPTURED;;ДОНЕЦКАЯ ОБЛАСТЬ;48.015877;37.802850;12.05.2022
Kyiv Oblast;БМП-1;AIFV;09.04.2022;DESTROYED;;КИЕВСКАЯ ОБЛАСТЬ;50.450458;30.523460;12.05.2022
Sumy Oblast;БМП-1;AIFV;24.02.2022;DESTROYED;БЕРЁЗА;СУМСКАЯ ОБЛАСТЬ;51.715806;33.871694;12.05.2022
Sumy Oblast;БМП-1;AIFV;24.02.2022;DESTROYED;БЕРЁЗА;СУМСКАЯ ОБЛАСТЬ;51.715806;33.871694;12.05.2022
Sumy Oblast;БМП-1;AIFV;24.02.2022;DESTROYED;БЕРЁЗА;СУМСКАЯ ОБЛАСТЬ;51.715806;33.871694;12.05.2022
Donetsk Oblast;БМП-1;AIFV;18.04.2022;CAPTURED;;ДОНЕЦКАЯ ОБЛАСТЬ;48.015877;37.802850;12.05.2022
Donetsk Oblast;БМП-1;AIFV;18.04.2022;CAPTURED;;ДОНЕЦКАЯ ОБЛАСТЬ;48.015877;37.802850;12.05.2022
Donetsk Oblast;БРМ-1К;AIFV;18.04.2022;CAPTURED;;ДОНЕЦКАЯ ОБЛАСТЬ;48.015877;37.802850;12.05.2022
Kyiv Oblast;БМП-1;AIFV;17.03.2022;DESTROYED;ТЕРМАХОВКА;КИЕВСКАЯ ОБЛАСТЬ;51.017316;29.698133;12.05.2022
Donetsk Oblast;БМП-1;AIFV;21.04.2022;CAPTURED;;ДОНЕЦКАЯ ОБЛАСТЬ;48.015877;37.802850;12.05.2022
Donetsk Oblast;БМП-1;AIFV;22.04.2022;CAPTURED;;ДОНЕЦКАЯ ОБЛАСТЬ;48.015877;37.802850;12.05.2022
Donetsk Oblast;БМП-2К;AIFV;22.04.2022;CAPTURED;;ДОНЕЦКАЯ ОБЛАСТЬ;48.015877;37.802850;12.05.2022
Donetsk Oblast;БМП-2;AIFV;22.04.2022;CAPTURED;;ДОНЕЦКАЯ ОБЛАСТЬ;48.015877;37.802850;12.05.2022
Donetsk Oblast;БМП-1;AIFV;22.04.2022;CAPTURED;;ДОНЕЦКАЯ ОБЛАСТЬ;48.015877;37.802850;12.05.2022
Kherson Oblast;БМП-1;AIFV;22.04.2022;DESTROYED;АЛЕКСАНДРОВКА;ХЕРСОНСКАЯ ОБЛАСТЬ;46.611694;32.111750;12.05.2022
;БМП-1;AIFV;18.04.2022;DESTROYED;;;;;12.05.2022
Chernihiv Oblast;БМП-1;AIFV;18.04.2022;DESTROYED;;ЧЕРНИГОВСКАЯ ОБЛАСТЬ;51.491512;31.298320;12.05.2022
Kharkiv Oblast;БМП-2;AIFV;23.04.2022;DESTROYED;КАЗАЧЬЯ ЛОПАНЬ;ХАРЬКОВСКАЯ ОБЛАСТЬ;50.325917;36.156750;12.05.2022
Kharkiv Oblast;БМП-2;AIFV;23.04.2022;DESTROYED;КАЗАЧЬЯ ЛОПАНЬ;ХАРЬКОВСКАЯ ОБЛАСТЬ;50.325917;36.156750;12.05.2022
Donetsk Oblast;БМП-1;AIFV;22.04.2022;CAPTURED;;ДОНЕЦКАЯ ОБЛАСТЬ;48.015877;37.802850;12.05.2022
Donetsk Oblast;БМП-1;AIFV;25.04.2022;CAPTURED;;ДОНЕЦКАЯ ОБЛАСТЬ;48.015877;37.802850;12.05.2022
Donetsk Oblast;БМП-1;AIFV;26.04.2022;DESTROYED;ЛИМАН;ДОНЕЦКАЯ ОБЛАСТЬ;49.064820;37.819343;12.05.2022
Donetsk Oblast;БМП-1;AIFV;26.04.2022;DESTROYED;ЛИМАН;ДОНЕЦКАЯ ОБЛАСТЬ;49.064820;37.819343;12.05.2022
Donetsk Oblast;БМП-1;AIFV;26.04.2022;CAPTURED;;ДОНЕЦКАЯ ОБЛАСТЬ;48.015877;37.802850;12.05.2022
Donetsk Oblast;БМП-2;AIFV;28.04.2022;DESTROYED;ЛИМАН;ДОНЕЦКАЯ ОБЛАСТЬ;49.064820;37.819343;12.05.2022
Donetsk Oblast;БМП-2;AIFV;29.04.2022;DESTROYED;СТАРОМЛИНОВКА;ДОНЕЦКАЯ ОБЛАСТЬ;47.697819;36.824306;12.05.2022
Donetsk Oblast;БМП-1;AIFV;26.03.2022;DESTROYED;;ДОНЕЦКАЯ ОБЛАСТЬ;48.015877;37.802850;12.05.2022
Donetsk Oblast;БМП-2;AIFV;03.05.2022;DESTROYED;АВДЕЕВКА;ДОНЕЦКАЯ ОБЛАСТЬ;48.150246;37.737003;12.05.2022
Donetsk Oblast;БМП-2;AIFV;03.05.2022;DESTROYED;АВДЕЕВКА;ДОНЕЦКАЯ ОБЛАСТЬ;48.150246;37.737003;12.05.2022
Donetsk Oblast;БМП-2;AIFV;02.05.2022;DESTROYED;ЛИМАН;ДОНЕЦКАЯ ОБЛАСТЬ;48.962550;37.823299;12.05.2022
Donetsk Oblast;БМП-1;AIFV;06.05.2022;CAPTURED;;ДОНЕЦКАЯ ОБЛАСТЬ;48.015877;37.802850;12.05.2022
Luhansk Oblast;БМП-1;AIFV;06.05.2022;DESTROYED;КРЕМЕННАЯ;ЛУГАНСКАЯ ОБЛАСТЬ;49.049943;38.221114;12.05.2022
;БМП-1;AIFV;06.05.2022;CAPTURED;;;;;12.05.2022
Luhansk Oblast;БМП-1;AIFV;05.05.2022;DESTROYED;СВЕТЛИЧНОЕ;ЛУГАНСКАЯ ОБЛАСТЬ;48.764083;38.665111;12.05.2022
Luhansk Oblast;БМП-1;AIFV;05.05.2022;DESTROYED;СВЕТЛИЧНОЕ;ЛУГАНСКАЯ ОБЛАСТЬ;48.764083;38.665111;12.05.2022
Donetsk Oblast;БМП-1;AIFV;09.05.2022;CAPTURED;;ДОНЕЦКАЯ ОБЛАСТЬ;48.015877;37.802850;12.05.2022
Donetsk Oblast;БМП-1;AIFV;09.05.2022;CAPTURED;;ДОНЕЦКАЯ ОБЛАСТЬ;48.015877;37.802850;12.05.2022
Luhansk Oblast;БМП-1;AIFV;06.05.2022;CAPTURED;НИЖНЕЕ;ЛУГАНСКАЯ ОБЛАСТЬ;48.771338;38.619913;12.05.2022
Donetsk Oblast;БТР-80;APC;11.05.2022;DESTROYED;ЛИМАН;ДОНЕЦКАЯ ОБЛАСТЬ;48.962550;37.823299;14.05.2022
Donetsk Oblast;2С3;ARTY;11.05.2022;DESTROYED;МАРИУПОЛЬ;ДОНЕЦКАЯ ОБЛАСТЬ;47.096703;37.541440;14.05.2022
Kharkiv Oblast;БТР-4Е;APC;12.05.2022;DESTROYED;СТАРЫЙ САЛТОВ;ХАРЬКОВСКАЯ ОБЛАСТЬ;50.071325;36.784118;14.05.2022
Donetsk Oblast;БТР-80;APC;12.05.2022;DESTROYED;ЛИМАН;ДОНЕЦКАЯ ОБЛАСТЬ;48.962550;37.823299;14.05.2022
Donetsk Oblast;БМД-2;AIFV;13.05.2022;DESTROYED;ТРОИЦКОЕ;ДОНЕЦКАЯ ОБЛАСТЬ;48.259775;37.857800;14.05.2022
;БТР-80;APC;14.05.2022;DESTROYED;;;;;14.05.2022
;БТР-7;APC;10.05.2022;CAPTURED;;;;;14.05.2022
Donetsk Oblast;БТР-4Е;APC;11.05.2022;CAPTURED;МАРИУПОЛЬ;ДОНЕЦКАЯ ОБЛАСТЬ;47.096703;37.541440;14.05.2022
;Т-64БВ ОБР. 2017;MBT;12.05.2022;CAPTURED;;;;;14.05.2022
;Т-64БВ;MBT;13.05.2022;CAPTURED;;;;;14.05.2022
Luhansk Oblast;Т-64БВ;MBT;14.05.2022;DESTROYED;ТОШКОВКА;ЛУГАНСКАЯ ОБЛАСТЬ;48.779585;38.558773;15.05.2022
Luhansk Oblast;Т-64БВ;MBT;14.05.2022;DESTROYED;ТОШКОВКА;ЛУГАНСКАЯ ОБЛАСТЬ;48.779585;38.558773;15.05.2022
Kharkiv Oblast;2С7;ARTY;14.05.2022;DESTROYED;ОЛЬХОВКА;ХАРЬКОВСКАЯ ОБЛАСТЬ;49.987760;36.513848;17.05.2022
Zaporizhia Oblast;Т-64;MBT;15.05.2022;DESTROYED;ВИШНЕВОЕ;ЗАПОРОЖСКАЯ ОБЛАСТЬ;47.695278;36.562771;17.05.2022
Zaporizhia Oblast;Т-64;MBT;15.05.2022;DESTROYED;ВИШНЕВОЕ;ЗАПОРОЖСКАЯ ОБЛАСТЬ;47.695278;36.562771;17.05.2022
Kharkiv Oblast;Т-64;MBT;16.05.2022;DESTROYED;ИЗЮМ;ХАРЬКОВСКАЯ ОБЛАСТЬ;49.191274;37.278279;17.05.2022
Donetsk Oblast;Т-64БВ;MBT;16.05.2022;CAPTURED;ЗАЧАТОВКА;ДОНЕЦКАЯ ОБЛАСТЬ;47.497736;37.150871;17.05.2022
Zaporizhia Oblast;Т-64БВ;MBT;15.05.2022;DESTROYED;ВИШНЕВОЕ;ЗАПОРОЖСКАЯ ОБЛАСТЬ;47.695278;36.562771;17.05.2022
Zaporizhia Oblast;Т-64БВ;MBT;15.05.2022;DESTROYED;ВИШНЕВОЕ;ЗАПОРОЖСКАЯ ОБЛАСТЬ;47.695278;36.562771;17.05.2022
Zaporizhia Oblast;Т-64БВ;MBT;15.05.2022;DESTROYED;ВИШНЕВОЕ;ЗАПОРОЖСКАЯ ОБЛАСТЬ;47.695278;36.562771;17.05.2022
Zaporizhia Oblast;Т-64БВ;MBT;15.05.2022;DESTROYED;ВИШНЕВОЕ;ЗАПОРОЖСКАЯ ОБЛАСТЬ;47.695278;36.562771;17.05.2022
Luhansk Oblast;Т-64БВ;MBT;17.05.2022;DESTROYED;ОРЕХОВО;ЛУГАНСКАЯ ОБЛАСТЬ;48.721608;38.564900;17.05.2022
Kharkiv Oblast;БТР-4Е;APC;25.02.2022;DESTROYED;СТАРЫЙ САЛТОВ;ХАРЬКОВСКАЯ ОБЛАСТЬ;50.061622;36.534374;
