id;Name;Quant;Type;Date;Status;Town;Province;lat;lon
Kharkiv Oblast;БТР-4;1;APC;04.05.2022;DESTROYED;СТАРЫЙ САЛТОВ;ХАРЬКОВСКАЯ ОБЛАСТЬ;50.078002;36.791923
Kharkiv Oblast;БТР-3Е;1;APC;04.05.2022;DESTROYED;БОРОВАЯ;ХАРЬКОВСКАЯ ОБЛАСТЬ;49.377402;37.625433
Kharkiv Oblast;Т-64БМ;1;MBT;03.05.2022;DESTROYED;;ХАРЬКОВСКАЯ ОБЛАСТЬ;50.081791;36.306507
Donetsk Oblast;БТР-80;1;APC;02.05.2022;DESTROYED;ЯМПОЛЬ;ДОНЕЦКАЯ ОБЛАСТЬ;48.932295;37.942610
Kharkiv Oblast;Т-64БВ;1;MBT;02.05.2022;DESTROYED;ЗАВОДЫ;ХАРЬКОВСКАЯ ОБЛАСТЬ;49.154245;37.059243
Donetsk Oblast;35Д6М;1;AA;01.05.2022;DESTROYED;ЛИМАН;ДОНЕЦКАЯ ОБЛАСТЬ;48.962550;37.823299
Kherson Oblast;Т-64БВ;1;MBT;01.05.2022;DESTROYED;;ХЕРСОНСКАЯ ОБЛАСТЬ;46.640319;32.614935
Luhansk Oblast;Т-72АВ;1;MBT;30.04.2022;DESTROYED;;ЛУГАНСКАЯ ОБЛАСТЬ;48.573905;39.307642
Donetsk Oblast;9П149;1;RECCE;29.04.2022;DESTROYED;ЛИМАН;ДОНЕЦКАЯ ОБЛАСТЬ;48.962550;37.823299
;Т-64БВ;1;MBT;28.04.2022;DESTROYED;;;;
;Т-64БВК;1;MBT;28.04.2022;DESTROYED;;;;
Donetsk Oblast;БТР-3Е;1;APC;28.04.2022;DESTROYED;МАРИУПОЛЬ;ДОНЕЦКАЯ ОБЛАСТЬ;47.096703;37.541440
Donetsk Oblast;БТР-80;1;APC;28.04.2022;DESTROYED;МАРИУПОЛЬ;ДОНЕЦКАЯ ОБЛАСТЬ;47.107394;37.618785
Luhansk Oblast;МТ-ЛБ;1;APC;27.04.2022;DESTROYED;РУБЕЖНОЕ;ЛУГАНСКАЯ ОБЛАСТЬ;49.018267;38.360802
;БТР-3Е;1;APC;27.04.2022;DESTROYED;;;;
;БРДМ-2РХБ;1;RECCE;26.04.2022;DESTROYED;;;;
;БРДМ-2РХБ;1;RECCE;26.04.2022;DESTROYED;;;;
;БРДМ-2;1;RECCE;26.04.2022;DESTROYED;;;;
Chernihiv Oblast;Т-72АМТ;1;MBT;26.04.2022;DESTROYED;;ЧЕРНИГОВСКАЯ ОБЛАСТЬ;51.491512;31.298320
Kherson Oblast;БРДМ-2;1;RECCE;25.04.2022;DESTROYED;СОФИЕВКА;ХЕРСОНСКАЯ ОБЛАСТЬ;47.439474;33.276985
Kherson Oblast;БРДМ-2Л1;1;RECCE;25.04.2022;DESTROYED;СОФИЕВКА;ХЕРСОНСКАЯ ОБЛАСТЬ;47.439474;33.276985
Kherson Oblast;БРДМ-2;1;RECCE;25.04.2022;DESTROYED;СОФИЕВКА;ХЕРСОНСКАЯ ОБЛАСТЬ;47.439474;33.276985
Kherson Oblast;БРДМ-2;1;RECCE;25.04.2022;DESTROYED;СОФИЕВКА;ХЕРСОНСКАЯ ОБЛАСТЬ;47.439474;33.276985
Chernihiv Oblast;Т-64БВ;1;MBT;25.04.2022;DESTROYED;ЧЕРНИГОВ;ЧЕРНИГОВСКАЯ ОБЛАСТЬ;51.518007;31.357514
Luhansk Oblast;БРДМ-2Л1;1;RECCE;24.04.2022;DESTROYED;КРЕМЕННАЯ;ЛУГАНСКАЯ ОБЛАСТЬ;49.049943;38.221114
Kharkiv Oblast;БТР-4Е;1;APC;23.04.2022;DESTROYED;;ХАРЬКОВСКАЯ ОБЛАСТЬ;50.081791;36.306507
Luhansk Oblast;Т-72Б;1;MBT;22.04.2022;DESTROYED;РУБЕЖНОЕ;ЛУГАНСКАЯ ОБЛАСТЬ;49.025828;38.369633
Kharkiv Oblast;Т-64БВ;1;MBT;22.04.2022;DESTROYED;КАЗАЧЬЯ ЛОПАНЬ;ХАРЬКОВСКАЯ ОБЛАСТЬ;50.336480;36.178633
Kharkiv Oblast;БТР-80;1;APC;22.04.2022;DESTROYED;КАЗАЧЬЯ ЛОПАНЬ;ХАРЬКОВСКАЯ ОБЛАСТЬ;50.336480;36.178633
;Т-64БВ;1;MBT;21.04.2022;DESTROYED;;;;
Luhansk Oblast;БТР-3Е;1;APC;21.04.2022;DESTROYED;КРЕМЕННАЯ;ЛУГАНСКАЯ ОБЛАСТЬ;49.031693;38.334291
Kharkiv Oblast;Т-72Б;1;MBT;20.04.2022;DESTROYED;ИЗЮМ;ХАРЬКОВСКАЯ ОБЛАСТЬ;49.191272;37.278272
Donetsk Oblast;БРДМ-2РХБ;1;RECCE;19.04.2022;DESTROYED;МАРИУПОЛЬ;ДОНЕЦКАЯ ОБЛАСТЬ;47.096703;37.541440
Kyiv Oblast;Т-80БВ;1;MBT;19.04.2022;DESTROYED;МОЩУН;КИЕВСКАЯ ОБЛАСТЬ;50.604310;30.309499
Donetsk Oblast;РХМ-4;1;APC;18.04.2022;DESTROYED;МАРИУПОЛЬ;ДОНЕЦКАЯ ОБЛАСТЬ;47.096703;37.541440
;Т-64БВ;1;MBT;17.04.2022;DESTROYED;;;;
Kharkiv Oblast;Т-64БВ;1;MBT;17.04.2022;DESTROYED;ИЗЮМ;ХАРЬКОВСКАЯ ОБЛАСТЬ;49.247920;37.248682
Kyiv Oblast;Т-64БВ;1;MBT;16.04.2022;DESTROYED;ЗАГАЛЬЦЫ;КИЕВСКАЯ ОБЛАСТЬ;50.66528;29.829388
Zaporizhia Oblast;БТР-7;1;APC;16.04.2022;DESTROYED;;ЗАПОРОЖСКАЯ ОБЛАСТЬ;47.221454;35.706124
Zaporizhia Oblast;БТР-7;1;APC;16.04.2022;DESTROYED;;ЗАПОРОЖСКАЯ ОБЛАСТЬ;47.221454;35.706124
Donetsk Oblast;Т-64БВ;1;MBT;16.04.2022;DESTROYED;СТЕПНОЕ;ДОНЕЦКАЯ ОБЛАСТЬ;47.614839;37.138321
Kyiv Oblast;Т-64БВ;1;MBT;16.04.2022;DESTROYED;КИЕВ;КИЕВСКАЯ ОБЛАСТЬ;50.450441;30.523550
Kyiv Oblast;Т-64БВ;1;MBT;16.04.2022;DESTROYED;КИЕВ;КИЕВСКАЯ ОБЛАСТЬ;50.450441;30.523550
;МТ-ЛБС;1;APC;15.04.2022;DESTROYED;;;;
Donetsk Oblast;БТР-80;1;APC;15.04.2022;DESTROYED;МАРИУПОЛЬ;ДОНЕЦКАЯ ОБЛАСТЬ;47.096703;37.541440
Donetsk Oblast;Т-72Б;1;MBT;15.04.2022;DESTROYED;;ДОНЕЦКАЯ ОБЛАСТЬ;48.015877;37.802850
Donetsk Oblast;БТР-80;1;APC;15.04.2022;DESTROYED;МАРИУПОЛЬ;ДОНЕЦКАЯ ОБЛАСТЬ;47.096703;37.541440
Donetsk Oblast;БТР-80;1;APC;15.04.2022;DESTROYED;МАРИУПОЛЬ;ДОНЕЦКАЯ ОБЛАСТЬ;47.096703;37.541440
Donetsk Oblast;БТР-80;1;APC;15.04.2022;DESTROYED;МАРИУПОЛЬ;ДОНЕЦКАЯ ОБЛАСТЬ;47.096703;37.541440
Donetsk Oblast;Т-64БВ;1;MBT;14.04.2022;DESTROYED;СТАРОМЛЫНОВКА;ДОНЕЦКАЯ ОБЛАСТЬ;47.697819;36.824306
Donetsk Oblast;БТС-4;1;ARV;14.04.2022;DESTROYED;СТАРОМЛЫНОВКА;ДОНЕЦКАЯ ОБЛАСТЬ;47.697819;36.824306
Donetsk Oblast;2С7;1;ARTY;14.04.2022;DESTROYED;СТАРОМЛЫНОВКА;ДОНЕЦКАЯ ОБЛАСТЬ;47.697819;36.824306
Donetsk Oblast;5П85С;1;AA;14.04.2022;DESTROYED;СТАРОМЛЫНОВКА;ДОНЕЦКАЯ ОБЛАСТЬ;47.697819;36.824306
Donetsk Oblast;9А310;1;AA;14.04.2022;DESTROYED;СТАРОМЛЫНОВКА;ДОНЕЦКАЯ ОБЛАСТЬ;47.697819;36.824306
Donetsk Oblast;Р-975М;1;APC;14.04.2022;DESTROYED;СТАРОМЛЫНОВКА;ДОНЕЦКАЯ ОБЛАСТЬ;47.697819;36.824306
;МТ-ЛБ;1;APC;14.04.2022;DESTROYED;;;;
Kherson Oblast;БТР-80;1;APC;13.04.2022;DESTROYED;;ХЕРСОНСКАЯ ОБЛАСТЬ;46.640319;32.614935
Kherson Oblast;БТР-80;1;APC;13.04.2022;DESTROYED;;ХЕРСОНСКАЯ ОБЛАСТЬ;46.640319;32.614935
Kherson Oblast;БТР-80;1;APC;13.04.2022;DESTROYED;;ХЕРСОНСКАЯ ОБЛАСТЬ;46.640319;32.614935
Kherson Oblast;БРДМ-2Л1;1;RECCE;13.04.2022;DESTROYED;;ХЕРСОНСКАЯ ОБЛАСТЬ;46.640319;32.614935
Kharkiv Oblast;Т-64БВ;1;MBT;13.04.2022;DESTROYED;;ХАРЬКОВСКАЯ ОБЛАСТЬ;50.081791;36.306507
Donetsk Oblast;Т-80БВ;1;MBT;13.04.2022;DESTROYED;МАРИУПОЛЬ;ДОНЕЦКАЯ ОБЛАСТЬ;47.096703;37.541440
Donetsk Oblast;БТР-4Е;1;APC;13.04.2022;DESTROYED;МАРИУПОЛЬ;ДОНЕЦКАЯ ОБЛАСТЬ;47.096703;37.541440
Donetsk Oblast;Т-80БВ;1;MBT;13.04.2022;DESTROYED;МАРИУПОЛЬ;ДОНЕЦКАЯ ОБЛАСТЬ;47.096703;37.541440
;БРДМ-2РХБ;1;RECCE;13.04.2022;DESTROYED;;;;
Donetsk Oblast;Т-80БВ;1;MBT;13.04.2022;DESTROYED;МАРИУПОЛЬ;ДОНЕЦКАЯ ОБЛАСТЬ;47.096703;37.541440
Donetsk Oblast;Т-80БВ;1;MBT;13.04.2022;DESTROYED;МАРИУПОЛЬ;ДОНЕЦКАЯ ОБЛАСТЬ;47.096703;37.541440
Donetsk Oblast;Т-80БВ;1;MBT;13.04.2022;DESTROYED;МАРИУПОЛЬ;ДОНЕЦКАЯ ОБЛАСТЬ;47.096703;37.541440
Donetsk Oblast;БТР-Д;1;APC;12.04.2022;DESTROYED;;ДОНЕЦКАЯ ОБЛАСТЬ;48.015877;37.802850
Kyiv Oblast;БРДМ-2Л1;1;RECCE;11.04.2022;DESTROYED;ЗАГАЛЬЦЫ;КИЕВСКАЯ ОБЛАСТЬ;50.66528;29.829388
;9А33Б;1;AA;10.04.2022;DESTROYED;;;;
Kharkiv Oblast;Т-64БВ;1;MBT;10.04.2022;DESTROYED;КАМЕНКА;ХАРЬКОВСКАЯ ОБЛАСТЬ;49.121520;37.292813
Donetsk Oblast;Т-64БВ ОБР. 2017;1;MBT;10.04.2022;DESTROYED;ЗАЧАТОВКА;ДОНЕЦКАЯ ОБЛАСТЬ;47.497736;37.150871
Chernihiv Oblast;Т-64БВ;1;MBT;10.04.2022;DESTROYED;;ЧЕРНИГОВСКАЯ ОБЛАСТЬ;51.491512;31.298320
Chernihiv Oblast;Т-64БВ;1;MBT;09.04.2022;DESTROYED;ЧЕРНИГОВ;ЧЕРНИГОВСКАЯ ОБЛАСТЬ;51.517881;31.357565
Donetsk Oblast;Т-64БВ;1;MBT;08.04.2022;DESTROYED;;ДОНЕЦКАЯ ОБЛАСТЬ;48.015877;37.802850
Kyiv Oblast;РХМ-4;1;APC;08.04.2022;DESTROYED;ИРПЕНЬ;КИЕВСКАЯ ОБЛАСТЬ;50.514161;30.215410
Donetsk Oblast;БРДМ-2Л1;1;RECCE;07.04.2022;DESTROYED;МАЛЫЙ КЕРМЕНЧИК;ДОНЕЦКАЯ ОБЛАСТЬ;47.630781;36.982374
Donetsk Oblast;Т-64Б;1;MBT;07.04.2022;DESTROYED;КРАСНАЯ ПОЛЯНА;ДОНЕЦКАЯ ОБЛАСТЬ;47.557850;37.074756
Kyiv Oblast;Т-64БВ;1;MBT;07.04.2022;DESTROYED;ИРПЕНЬ;КИЕВСКАЯ ОБЛАСТЬ;50.534111;30.234436
;Т-64БВ ОБР. 2017;1;MBT;05.04.2022;DESTROYED;;;;
Donetsk Oblast;МТ-ЛБ;1;APC;05.04.2022;DESTROYED;МАРИУПОЛЬ;ДОНЕЦКАЯ ОБЛАСТЬ;47.096703;37.541440
Kyiv Oblast;БТР-3Е;1;APC;05.04.2022;DESTROYED;БУДА-БАБИНЕЦКАЯ;КИЕВСКАЯ ОБЛАСТЬ;50.620189;30.055491
Chernihiv Oblast;Т-64БВ;1;MBT;05.04.2022;DESTROYED;КОЛИЧЕВКА;ЧЕРНИГОВСКАЯ ОБЛАСТЬ;51.418547;31.307509
Kyiv Oblast;Т-72АМТ;1;MBT;05.04.2022;DESTROYED;;КИЕВСКАЯ ОБЛАСТЬ;50.450458;30.523460
Donetsk Oblast;5Н63С;1;AA;04.04.2022;DESTROYED;;ДОНЕЦКАЯ ОБЛАСТЬ;47.056893;37.307788
Luhansk Oblast;МТ-ЛБ;1;APC;03.04.2022;DESTROYED;ОРЕХОВО-ДОНЕЦКОЕ;ЛУГАНСКАЯ ОБЛАСТЬ;48.770982;38.802217
;Т-72АМТ;1;MBT;03.04.2022;DESTROYED;;;;
Kherson Oblast;9А33Б;1;AA;02.04.2022;DESTROYED;;ХЕРСОНСКАЯ ОБЛАСТЬ;46.640319;32.614935
Donetsk Oblast;БТР-3Е;1;APC;01.04.2022;DESTROYED;МАРИУПОЛЬ;ДОНЕЦКАЯ ОБЛАСТЬ;47.096703;37.541440
Zaporizhia Oblast;Т-72АМТ;1;MBT;31.03.2022;DESTROYED;;ЗАПОРОЖСКАЯ ОБЛАСТЬ;47.221454;35.706124
Kyiv Oblast;Т-64Б1;1;MBT;31.03.2022;DESTROYED;ГОСТОМЕЛЬ;КИЕВСКАЯ ОБЛАСТЬ;50.565245;30.271484
Kharkiv Oblast;5П851А;1;AA;30.03.2022;DESTROYED;ЦИРКУНЫ;ХАРЬКОВСКАЯ ОБЛАСТЬ;50.084432 ;36.387491
Kharkiv Oblast;5П851А;1;AA;30.03.2022;DESTROYED;ЦИРКУНЫ;ХАРЬКОВСКАЯ ОБЛАСТЬ;50.084432 ;36.387491
Kharkiv Oblast;5П851А;1;AA;30.03.2022;DESTROYED;ЦИРКУНЫ;ХАРЬКОВСКАЯ ОБЛАСТЬ;50.084432 ;36.387491
Kharkiv Oblast;76Н6;1;AA;30.03.2022;DESTROYED;ЦИРКУНЫ;ХАРЬКОВСКАЯ ОБЛАСТЬ;50.084432 ;36.387491
Kharkiv Oblast;5П851А;1;AA;30.03.2022;DESTROYED;ЦИРКУНЫ;ХАРЬКОВСКАЯ ОБЛАСТЬ;50.084432 ;36.387491
Donetsk Oblast;БТР-3Е;1;APC;30.03.2022;DESTROYED;ТЕРНЫ;ДОНЕЦКАЯ ОБЛАСТЬ;49.095853;37.964115
Kyiv Oblast;БРДМ-2Л1;1;RECCE;30.03.2022;DESTROYED;ИРПЕНЬ;КИЕВСКАЯ ОБЛАСТЬ;50.514161;30.215410
Kyiv Oblast;БТР-3Е;1;APC;30.03.2022;DESTROYED;ИРПЕНЬ;КИЕВСКАЯ ОБЛАСТЬ;50.514161;30.215410
Zaporizhia Oblast;БТР-4Е;1;APC;30.03.2022;DESTROYED;;ЗАПОРОЖСКАЯ ОБЛАСТЬ;47.221454;35.706124
Kharkiv Oblast;5П851А;1;AA;30.03.2022;DESTROYED;ЦИРКУНЫ;ХАРЬКОВСКАЯ ОБЛАСТЬ;50.084432 ;36.387491
Kharkiv Oblast;5П851А;1;AA;30.03.2022;DESTROYED;ЦИРКУНЫ;ХАРЬКОВСКАЯ ОБЛАСТЬ;50.084432 ;36.387491
Kharkiv Oblast;5П851А;1;AA;30.03.2022;DESTROYED;ЦИРКУНЫ;ХАРЬКОВСКАЯ ОБЛАСТЬ;50.084432 ;36.387491
Kharkiv Oblast;5П851А;1;AA;30.03.2022;DESTROYED;ЦИРКУНЫ;ХАРЬКОВСКАЯ ОБЛАСТЬ;50.084432 ;36.387491
Kharkiv Oblast;5П851А;1;AA;30.03.2022;DESTROYED;ЦИРКУНЫ;ХАРЬКОВСКАЯ ОБЛАСТЬ;50.084432 ;36.387491
Kharkiv Oblast;5П851А;1;AA;30.03.2022;DESTROYED;ЦИРКУНЫ;ХАРЬКОВСКАЯ ОБЛАСТЬ;50.084432 ;36.387491
Kharkiv Oblast;5П851А;1;AA;30.03.2022;DESTROYED;ЦИРКУНЫ;ХАРЬКОВСКАЯ ОБЛАСТЬ;50.084432 ;36.387491
Kharkiv Oblast;5П851А;1;AA;30.03.2022;DESTROYED;ЦИРКУНЫ;ХАРЬКОВСКАЯ ОБЛАСТЬ;50.084432 ;36.387491
Kharkiv Oblast;30Н6;1;AA;30.03.2022;DESTROYED;ЦИРКУНЫ;ХАРЬКОВСКАЯ ОБЛАСТЬ;50.084432 ;36.387491
Kyiv Oblast;БТР-80;1;APC;30.03.2022;DESTROYED;ГОСТОМЕЛЬ;КИЕВСКАЯ ОБЛАСТЬ;50.580265;30.264853
Kyiv Oblast;Т-64БВ;1;MBT;30.03.2022;DESTROYED;ЛИПОВКА;КИЕВСКАЯ ОБЛАСТЬ;50.507424;29.810188
Kyiv Oblast;Т-64БВ;1;MBT;30.03.2022;DESTROYED;НАЛИВАЙКОВКА;КИЕВСКАЯ ОБЛАСТЬ;50.485232;29.718201
Kyiv Oblast;Т-64БВ;1;MBT;30.03.2022;DESTROYED;МАКАРОВ;КИЕВСКАЯ ОБЛАСТЬ;50.467221;29.814851
Kyiv Oblast;МТ-ЛБС;1;APC;29.03.2022;DESTROYED;КИЕВ;КИЕВСКАЯ ОБЛАСТЬ;50.450441;30.523550
Chernihiv Oblast;Т-64БВ;1;MBT;28.03.2022;DESTROYED;;ЧЕРНИГОВСКАЯ ОБЛАСТЬ;51.491512;31.298320
Kyiv Oblast;9А310;1;AA;26.03.2022;DESTROYED;ЛИПОВЫЙ СКИТОК;КИЕВСКАЯ ОБЛАСТЬ;50.276170;30.204585
Donetsk Oblast;Т-64БВ ОБР. 2017;1;MBT;26.03.2022;DESTROYED;ВОЛНОВАХА;ДОНЕЦКАЯ ОБЛАСТЬ;47.598505;37.483512
Donetsk Oblast;БТР-3М2;1;APC;26.03.2022;DESTROYED;МАРИУПОЛЬ;ДОНЕЦКАЯ ОБЛАСТЬ;47.096703;37.541440
Kyiv Oblast;9П148;1;RECCE;26.03.2022;DESTROYED;СИТНЯКИ;КИЕВСКАЯ ОБЛАСТЬ;50.423493;29.692555
Kyiv Oblast;9П148;1;RECCE;26.03.2022;DESTROYED;СИТНЯКИ;КИЕВСКАЯ ОБЛАСТЬ;50.423493;29.692555
Donetsk Oblast;2С7;1;ARTY;24.03.2022;DESTROYED;КРАСНАЯ ПОЛЯНА;ДОНЕЦКАЯ ОБЛАСТЬ;47.557850;37.074756
Donetsk Oblast;БРДМ-2Л1;1;RECCE;24.03.2022;DESTROYED;;ДОНЕЦКАЯ ОБЛАСТЬ;48.015877;37.802850
Chernihiv Oblast;Т-72АМТ;1;MBT;22.03.2022;DESTROYED;;ЧЕРНИГОВСКАЯ ОБЛАСТЬ;51.491512;31.298320
Chernihiv Oblast;1В14;1;APC;21.03.2022;DESTROYED;ЧЕРНИГОВ;ЧЕРНИГОВСКАЯ ОБЛАСТЬ;51.518007;31.357514
Chernihiv Oblast;2С3;1;ARTY;21.03.2022;DESTROYED;ЧЕРНИГОВ;ЧЕРНИГОВСКАЯ ОБЛАСТЬ;51.518007;31.357514
Donetsk Oblast;БРДМ-2;1;RECCE;20.03.2022;DESTROYED;ДОНСКОЕ;ДОНЕЦКАЯ ОБЛАСТЬ;47.514305;37.536670
Donetsk Oblast;БТС-4;1;ARV;20.03.2022;DESTROYED;СТЕПНОЕ;ДОНЕЦКАЯ ОБЛАСТЬ;47.614839;37.138321
;БТР-4Е;1;APC;18.03.2022;DESTROYED;;;;
Kyiv Oblast;Т-64БВ ОБР. 2017;1;MBT;17.03.2022;DESTROYED;ТЕРМАХОВКА;КИЕВСКАЯ ОБЛАСТЬ;51.017316;29.698133
;1В14;1;APC;17.03.2022;DESTROYED;;;;
Kyiv Oblast;Т-64БВ;1;MBT;17.03.2022;DESTROYED;ТЕРМАХОВКА;КИЕВСКАЯ ОБЛАСТЬ;51.017316;29.698133
Luhansk Oblast;5П85С;1;AA;17.03.2022;DESTROYED;СВАТОВО;ЛУГАНСКАЯ ОБЛАСТЬ;49.409282;38.162050
Luhansk Oblast;5П85С;1;AA;17.03.2022;DESTROYED;СВАТОВО;ЛУГАНСКАЯ ОБЛАСТЬ;49.409282;38.162050
Luhansk Oblast;5П85С;1;AA;17.03.2022;DESTROYED;СВАТОВО;ЛУГАНСКАЯ ОБЛАСТЬ;49.409282;38.162050
Luhansk Oblast;5П85С;1;AA;17.03.2022;DESTROYED;СВАТОВО;ЛУГАНСКАЯ ОБЛАСТЬ;49.409282;38.162050
Luhansk Oblast;5Н63С;1;AA;17.03.2022;DESTROYED;СВАТОВО;ЛУГАНСКАЯ ОБЛАСТЬ;49.409282;38.162050
Chernihiv Oblast;Т-72АМТ;1;MBT;17.03.2022;DESTROYED;;ЧЕРНИГОВСКАЯ ОБЛАСТЬ;51.491512;31.298320
Donetsk Oblast;БТР-70Т;1;APC;16.03.2022;DESTROYED;МАРИУПОЛЬ;ДОНЕЦКАЯ ОБЛАСТЬ;47.096703;37.541440
Donetsk Oblast;МТ-ЛБ;1;APC;16.03.2022;DESTROYED;ОЛЬГИНКА;ДОНЕЦКАЯ ОБЛАСТЬ;47.694332;37.503432
;2С1;1;ARTY;15.03.2022;DESTROYED;;;;
Donetsk Oblast;Т-64БВ ОБР. 2017;1;MBT;14.03.2022;DESTROYED;БЕРЁЗОВОЕ;ДОНЕЦКАЯ ОБЛАСТЬ;47.767665;37.577957
Donetsk Oblast;Т-64БВ;1;MBT;14.03.2022;DESTROYED;БЕРЁЗОВОЕ;ДОНЕЦКАЯ ОБЛАСТЬ;47.767665;37.577957
Luhansk Oblast;9П148;1;RECCE;14.03.2022;DESTROYED;ПОПАСНАЯ;ЛУГАНСКАЯ ОБЛАСТЬ;48.633795;38.376550
Luhansk Oblast;Т-72АВ;1;MBT;13.03.2022;DESTROYED;ВАРВАРОВКА;ЛУГАНСКАЯ ОБЛАСТЬ;49.072440;38.402439
Luhansk Oblast;Т-72АВ;1;MBT;13.03.2022;DESTROYED;ВАРВАРОВКА;ЛУГАНСКАЯ ОБЛАСТЬ;49.072440;38.402439
Chernihiv Oblast;Т-64БВ;1;MBT;12.03.2022;DESTROYED;;ЧЕРНИГОВСКАЯ ОБЛАСТЬ;51.491512;31.298320
Donetsk Oblast;БТР-4Е;1;APC;12.03.2022;DESTROYED;МАРИУПОЛЬ;ДОНЕЦКАЯ ОБЛАСТЬ;47.096703;37.541440
Donetsk Oblast;Т-64БВ ОБР. 2017;1;MBT;11.03.2022;DESTROYED;ВОЛНОВАХА;ДОНЕЦКАЯ ОБЛАСТЬ;47.618446;37.493348
Kyiv Oblast;БТР-3Е;1;APC;11.03.2022;DESTROYED;ГОСТОМЕЛЬ;КИЕВСКАЯ ОБЛАСТЬ;50.592434;30.223679
Kyiv Oblast;БТР-3Е;1;APC;11.03.2022;DESTROYED;ГОСТОМЕЛЬ;КИЕВСКАЯ ОБЛАСТЬ;50.592434;30.223679
Kherson Oblast;Т-64БВ ОБР. 2017;1;MBT;11.03.2022;DESTROYED;АНТОНОВКА;ХЕРСОНСКАЯ ОБЛАСТЬ;46.670195;32.720209
Kyiv Oblast;БТР-3Е;1;APC;11.03.2022;DESTROYED;ГОСТОМЕЛЬ;КИЕВСКАЯ ОБЛАСТЬ;50.592295;30.224100
Donetsk Oblast;Т-64БВ;1;MBT;11.03.2022;DESTROYED;ВОЛНОВАХА;ДОНЕЦКАЯ ОБЛАСТЬ;47.593245;37.504082
Donetsk Oblast;Т-64БВ;1;MBT;11.03.2022;DESTROYED;ВОЛНОВАХА;ДОНЕЦКАЯ ОБЛАСТЬ;47.594493;37.500520
Kyiv Oblast;БТР-3Е;1;APC;11.03.2022;DESTROYED;ГОСТОМЕЛЬ;КИЕВСКАЯ ОБЛАСТЬ;50.592295;30.224100
Kyiv Oblast;БТР-3Е;1;APC;11.03.2022;DESTROYED;ГОСТОМЕЛЬ;КИЕВСКАЯ ОБЛАСТЬ;50.592295;30.224100
;Т-64БВ;1;MBT;09.03.2022;DESTROYED;;;;
Donetsk Oblast;Т-64БВ;1;MBT;09.03.2022;DESTROYED;НОВОТРОИЦКОЕ;ДОНЕЦКАЯ ОБЛАСТЬ;47.717179;37.576160
Kherson Oblast;5П85С;1;AA;08.03.2022;DESTROYED;;ХЕРСОНСКАЯ ОБЛАСТЬ;46.640319;32.614935
Chernihiv Oblast;Т-64БВ;1;MBT;06.03.2022;DESTROYED;;ЧЕРНИГОВСКАЯ ОБЛАСТЬ;51.491512;31.298320
Donetsk Oblast;БРДМ-2Л1;1;RECCE;05.03.2022;DESTROYED;КАЛЬЧИНОВКА;ДОНЕЦКАЯ ОБЛАСТЬ;47.355068;37.139175
Kharkiv Oblast;БТР-4Е;1;APC;05.03.2022;DESTROYED;ХАРЬКОВ;ХАРЬКОВСКАЯ ОБЛАСТЬ;50.053756;36.347771
Kherson Oblast;БРДМ-2РХБ;1;RECCE;05.03.2022;DESTROYED;;ХЕРСОНСКАЯ ОБЛАСТЬ;46.640319;32.614935
Donetsk Oblast;Т-64БВ;1;MBT;04.03.2022;DESTROYED;ТРУДОВСКОЕ;ДОНЕЦКАЯ ОБЛАСТЬ;47.585948;37.658922
Donetsk Oblast;Т-64БВ;1;MBT;04.03.2022;DESTROYED;ВОЛНОВАХА;ДОНЕЦКАЯ ОБЛАСТЬ;47.598505;37.483512
Zaporizhia Oblast;БТР-80;1;APC;04.03.2022;DESTROYED;БОЛГАРКА;ЗАПОРОЖСКАЯ ОБЛАСТЬ;46.905397;36.327924
Kharkiv Oblast;9А33Б;1;AA;03.03.2022;DESTROYED;НОВЫЙ КОРОТЫЧ;ХАРЬКОВСКАЯ ОБЛАСТЬ;49.974913;36.009798
Kharkiv Oblast;БТР-4Е;1;APC;03.03.2022;DESTROYED;;ХАРЬКОВСКАЯ ОБЛАСТЬ;50.081791;36.306507
Kharkiv Oblast;БТР-4Е;1;APC;03.03.2022;DESTROYED;;ХАРЬКОВСКАЯ ОБЛАСТЬ;50.081791;36.306507
;БТР-4Е;1;APC;03.03.2022;DESTROYED;;;;
Kharkiv Oblast;БТР-4Е;1;APC;03.03.2022;DESTROYED;;ХАРЬКОВСКАЯ ОБЛАСТЬ;50.081791;36.306507
Kharkiv Oblast;9А33Б;1;AA;03.03.2022;DESTROYED;;ХАРЬКОВСКАЯ ОБЛАСТЬ;50.081791;36.306507
Kharkiv Oblast;Т-64БМ2;1;MBT;03.03.2022;DESTROYED;ХАРЬКОВ;ХАРЬКОВСКАЯ ОБЛАСТЬ;49.992172;36.231191
Kharkiv Oblast;Т-64БМ2;1;MBT;03.03.2022;DESTROYED;ХАРЬКОВ;ХАРЬКОВСКАЯ ОБЛАСТЬ;49.992172;36.231191
Kharkiv Oblast;РХМ;1;APC;03.03.2022;DESTROYED;ХАРЬКОВ;ХАРЬКОВСКАЯ ОБЛАСТЬ;49.992172;36.231191
Kharkiv Oblast;Т-64БМ2;1;MBT;03.03.2022;DESTROYED;ХАРЬКОВ;ХАРЬКОВСКАЯ ОБЛАСТЬ;49.992172;36.231191
Donetsk Oblast;Т-80БВ;1;MBT;02.03.2022;DESTROYED;ГНУТОВО;ДОНЕЦКАЯ ОБЛАСТЬ;47.205705;37.749993
;9А33Б;1;AA;02.03.2022;DESTROYED;;;;
Donetsk Oblast;Т-64БВ;1;MBT;02.03.2022;DESTROYED;ВОЛНОВАХА;ДОНЕЦКАЯ ОБЛАСТЬ;47.602295;37.515090
Donetsk Oblast;Т-64БВ;1;MBT;02.03.2022;DESTROYED;ВОЛНОВАХА;ДОНЕЦКАЯ ОБЛАСТЬ;47.602295;37.515090
Donetsk Oblast;БРДМ-2Л1;1;RECCE;02.03.2022;DESTROYED;ДОНСКОЕ;ДОНЕЦКАЯ ОБЛАСТЬ;47.514305;37.536670
Donetsk Oblast;МТ-ЛБ;1;APC;01.03.2022;DESTROYED;ШИРОКИНО;ДОНЕЦКАЯ ОБЛАСТЬ;47.099641; 37.821589
Kyiv Oblast;БРДМ-2РХБ;1;RECCE;01.03.2022;DESTROYED;БРОВАРЫ;КИЕВСКАЯ ОБЛАСТЬ;50.511136;30.789981
Kyiv Oblast;БТР-3Е;1;APC;01.03.2022;DESTROYED;ГОСТОМЕЛЬ;КИЕВСКАЯ ОБЛАСТЬ;50.580265;30.264853
Sumy Oblast;БРДМ-2РХБ;1;RECCE;28.02.2022;DESTROYED;ШОСТКА;СУМСКАЯ ОБЛАСТЬ;51.868672;33.472270
Donetsk Oblast;БТР-80;1;APC;28.02.2022;DESTROYED;ГНУТОВО;ДОНЕЦКАЯ ОБЛАСТЬ;47.205705;37.749993
Donetsk Oblast;Т-80БВ;1;MBT;28.02.2022;DESTROYED;ГНУТОВО;ДОНЕЦКАЯ ОБЛАСТЬ;47.205705;37.749993
Zaporizhia Oblast;БТР-4Е;1;APC;28.02.2022;DESTROYED;МЕЛИТОПОЛЬ;ЗАПОРОЖСКАЯ ОБЛАСТЬ;46.842187;35.372880
Kharkiv Oblast;БТР-4Е;1;APC;27.02.2022;DESTROYED;ХАРЬКОВ;ХАРЬКОВСКАЯ ОБЛАСТЬ;49.992172;36.231191
Donetsk Oblast;9П148;1;RECCE;27.02.2022;DESTROYED;ВОЛНОВАХА;ДОНЕЦКАЯ ОБЛАСТЬ;47.598505;37.483512
Donetsk Oblast;9П148;1;RECCE;27.02.2022;DESTROYED;ВОЛНОВАХА;ДОНЕЦКАЯ ОБЛАСТЬ;47.598505;37.483512
Luhansk Oblast;Т-64БВ ОБР. 2017;1;MBT;27.02.2022;DESTROYED;СЕВЕРОДОНЕЦК;ЛУГАНСКАЯ ОБЛАСТЬ;48.953355;38.490268
Donetsk Oblast;Т-64БВ;1;MBT;27.02.2022;DESTROYED;ПРОХОРОВКА;ДОНЕЦКАЯ ОБЛАСТЬ;47.528143;37.666360
Luhansk Oblast;Т-64БВ;1;MBT;27.02.2022;DESTROYED;СЕВЕРОДОНЕЦК;ЛУГАНСКАЯ ОБЛАСТЬ;48.953355;38.490268
Luhansk Oblast;Т-64БВ;1;MBT;27.02.2022;DESTROYED;СЕВЕРОДОНЕЦК;ЛУГАНСКАЯ ОБЛАСТЬ;48.953355;38.490268
Luhansk Oblast;Т-64БВ;1;MBT;27.02.2022;DESTROYED;СЕВЕРОДОНЕЦК;ЛУГАНСКАЯ ОБЛАСТЬ;48.953355;38.490268
Luhansk Oblast;9А35;1;AA;26.02.2022;DESTROYED;ЛИСИЧАНСК;ЛУГАНСКАЯ ОБЛАСТЬ;48.912914;38.419552
Kharkiv Oblast;БТР-4Е;1;APC;26.02.2022;DESTROYED;ХАРЬКОВ;ХАРЬКОВСКАЯ ОБЛАСТЬ;50.061086;36.528228
Kharkiv Oblast;БТР-4Е;1;APC;26.02.2022;DESTROYED;ХАРЬКОВ;ХАРЬКОВСКАЯ ОБЛАСТЬ;50.060859;36.528630
Mykolaiv Oblast;2С1;1;ARTY;26.02.2022;DESTROYED;НИКОЛАЕВ;НИКОЛАЕВСКАЯ ОБЛАСТЬ;46.975574;31.993813
;БРДМ-2;1;RECCE;26.02.2022;DESTROYED;;;;
;БТР-80;1;APC;26.02.2022;DESTROYED;;;;
Mykolaiv Oblast;2С1;1;ARTY;26.02.2022;DESTROYED;НИКОЛАЕВ;НИКОЛАЕВСКАЯ ОБЛАСТЬ;46.975574;31.993813
Zaporizhia Oblast;Т-64БВ;1;MBT;25.02.2022;DESTROYED;МЕЛИТОПОЛЬ;ЗАПОРОЖСКАЯ ОБЛАСТЬ;46.842187;35.372880
Kharkiv Oblast;БТР-3Е;1;APC;25.02.2022;DESTROYED;ХАРЬКОВ;ХАРЬКОВСКАЯ ОБЛАСТЬ;49.992172;36.231191
Zaporizhia Oblast;9А310;1;AA;25.02.2022;DESTROYED;;ЗАПОРОЖСКАЯ ОБЛАСТЬ;47.221454;35.706124
Kyiv Oblast;БТР-80;1;APC;25.02.2022;DESTROYED;БУЧА;КИЕВСКАЯ ОБЛАСТЬ;50.553346;30.213451
Kyiv Oblast;БТР-80;1;APC;25.02.2022;DESTROYED;БУЧА;КИЕВСКАЯ ОБЛАСТЬ;50.553346;30.213451
Kyiv Oblast;БТР-80;1;APC;25.02.2022;DESTROYED;БУЧА;КИЕВСКАЯ ОБЛАСТЬ;50.553346;30.213451
Kyiv Oblast;БТР-80;1;APC;25.02.2022;DESTROYED;БУЧА;КИЕВСКАЯ ОБЛАСТЬ;50.553346;30.213451
Kherson Oblast;9А33Б;1;AA;25.02.2022;DESTROYED;АЛЁШКИ;ХЕРСОНСКАЯ ОБЛАСТЬ;46.609201;32.847672
Kherson Oblast;9А33Б;1;AA;25.02.2022;DESTROYED;АЛЁШКИ;ХЕРСОНСКАЯ ОБЛАСТЬ;46.623724;32.734042
Kherson Oblast;БРДМ-2;1;RECCE;25.02.2022;DESTROYED;АЛЁШКИ;ХЕРСОНСКАЯ ОБЛАСТЬ;46.609279;32.852767
Kherson Oblast;9А33Б;1;AA;25.02.2022;DESTROYED;АЛЁШКИ;ХЕРСОНСКАЯ ОБЛАСТЬ;46.609190;32.848841
Kherson Oblast;БРДМ-2 ВЕПР;1;RECCE;25.02.2022;DESTROYED;АЛЁШКИ;ХЕРСОНСКАЯ ОБЛАСТЬ;46.609205;32.843412
Kherson Oblast;9А33Б;1;AA;25.02.2022;DESTROYED;АЛЁШКИ;ХЕРСОНСКАЯ ОБЛАСТЬ;46.609205;32.843412
;БРДМ-2;1;RECCE;25.02.2022;DESTROYED;;;;
Kharkiv Oblast;Т-64БВ;1;MBT;25.02.2022;DESTROYED;ХАРЬКОВ;ХАРЬКОВСКАЯ ОБЛАСТЬ;49.992172;36.231191
Kherson Oblast;МТ-ЛБ;1;APC;25.02.2022;DESTROYED;АЛЁШКИ;ХЕРСОНСКАЯ ОБЛАСТЬ;46.611373;32.719687
Kherson Oblast;9А33Б;1;AA;25.02.2022;DESTROYED;АЛЁШКИ;ХЕРСОНСКАЯ ОБЛАСТЬ;46.611373;32.719687
Kherson Oblast;БРДМ-2;1;RECCE;25.02.2022;DESTROYED;АЛЁШКИ;ХЕРСОНСКАЯ ОБЛАСТЬ;46.611373;32.719687
Kharkiv Oblast;БТР-4Е;1;APC;24.02.2022;DESTROYED;ХАРЬКОВ;ХАРЬКОВСКАЯ ОБЛАСТЬ;49.992172;36.231191
Kharkiv Oblast;БТР-4Е;1;APC;24.02.2022;DESTROYED;ХАРЬКОВ;ХАРЬКОВСКАЯ ОБЛАСТЬ;49.992172;36.231191
Kherson Oblast;Т-64БВ;1;MBT;24.02.2022;DESTROYED;АЛЁШКИ;ХЕРСОНСКАЯ ОБЛАСТЬ;46.611373;32.719687
Kherson Oblast;5П85С;1;AA;24.02.2022;DESTROYED;ХЕРСОН;ХЕРСОНСКАЯ ОБЛАСТЬ;46.640319;32.614962
Kherson Oblast;Т-64БВ ОБР. 2017;1;MBT;24.02.2022;DESTROYED;АНТОНОВКА;ХЕРСОНСКАЯ ОБЛАСТЬ;46.677855;32.719328
Chernihiv Oblast;1В14;1;APC;24.02.2022;DESTROYED;ЧЕРНИГОВ;ЧЕРНИГОВСКАЯ ОБЛАСТЬ;51.518007;31.357514
Kherson Oblast;БТР-7;1;APC;24.02.2022;DESTROYED;;ХЕРСОНСКАЯ ОБЛАСТЬ;46.141706;33.638024
Kyiv Oblast;Т-64БВ;1;MBT;24.02.2022;DESTROYED;ГОСТОМЕЛЬ;КИЕВСКАЯ ОБЛАСТЬ;50.588271;30.215680
Kharkiv Oblast;9П148;1;RECCE;06.05.2022;DESTROYED;ИЗЮМ;ХАРЬКОВСКАЯ ОБЛАСТЬ;49.247920;37.248682
Kharkiv Oblast;БТР-80;1;APC;07.05.2022;DESTROYED;ИЗЮМ;ХАРЬКОВСКАЯ ОБЛАСТЬ;49.247920;37.248682
Kharkiv Oblast;9А33Б;1;AA;07.05.2022;DESTROYED;БАЛАКЛЕЯ;ХАРЬКОВСКАЯ ОБЛАСТЬ;49.451414;36.842236
Kharkiv Oblast;9А33Б;1;AA;07.05.2022;DESTROYED;БАЛАКЛЕЯ;ХАРЬКОВСКАЯ ОБЛАСТЬ;49.451414;36.842236
Kharkiv Oblast;9А33Б;1;AA;07.05.2022;DESTROYED;БАЛАКЛЕЯ;ХАРЬКОВСКАЯ ОБЛАСТЬ;49.451414;36.842236
Donetsk Oblast;Т-80БВ;1;MBT;08.05.2022;DESTROYED;МАРИУПОЛЬ;ДОНЕЦКАЯ ОБЛАСТЬ;47.096703;37.541440
;БРДМ-2;1;RECCE;08.05.2022;DESTROYED;;;;
;1В18;1;APC;10.05.2022;CAPTURED;;;;
Zaporizhia Oblast;Т-64БВ ОБР. 2017;1;MBT;09.05.2022;DESTROYED;НОВОЕ;ЗАПОРОЖСКАЯ ОБЛАСТЬ;47.346954;35.794415
;Т-64БВ;1;MBT;10.05.2022;DESTROYED;;;;
Kharkiv Oblast;ГМЗ-З;1;ARV;10.05.2022;DESTROYED;ИЗЮМ;ХАРЬКОВСКАЯ ОБЛАСТЬ;49.247920;37.248682
;БРДМ-2Л1;1;RECCE;10.05.2022;DESTROYED;;;;
Kharkiv Oblast;Т-64БВ;1;MBT;09.05.2022;CAPTURED;ВЕЛИКАЯ КАМЫШЕВАХА;ХАРЬКОВСКАЯ ОБЛАСТЬ;49.102643;36.999972
Kharkiv Oblast;Т-64БВ;1;MBT;09.05.2022;CAPTURED;ВЕЛИКАЯ КАМЫШЕВАХА;ХАРЬКОВСКАЯ ОБЛАСТЬ;49.102643;36.999972
Donetsk Oblast;Т-80БВ;1;MBT;09.05.2022;CAPTURED;;ДОНЕЦКАЯ ОБЛАСТЬ;48.015877;37.802850
Kharkiv Oblast;БТР-80;1;APC;09.05.2022;CAPTURED;ИЗЮМ;ХАРЬКОВСКАЯ ОБЛАСТЬ;49.247920;37.248682
Luhansk Oblast;9П148;1;RECCE;09.05.2022;CAPTURED;;ЛУГАНСКАЯ ОБЛАСТЬ;48.573905;39.307642
Kharkiv Oblast;Т-64БВ;1;MBT;08.05.2022;CAPTURED;ИЗЮМ;ХАРЬКОВСКАЯ ОБЛАСТЬ;49.247920;37.248682
;БРДМ-2Л1;1;RECCE;08.05.2022;CAPTURED;;;;
Kharkiv Oblast;БТР-3Е;1;APC;07.05.2022;CAPTURED;ИЗЮМ;ХАРЬКОВСКАЯ ОБЛАСТЬ;49.247920;37.248682
Kharkiv Oblast;Т-64БВ ОБР. 2017;1;MBT;07.05.2022;CAPTURED;ИЗЮМ;ХАРЬКОВСКАЯ ОБЛАСТЬ;49.247920;37.248682
;БТР-80;1;APC;06.05.2022;CAPTURED;;;;
Mykolaiv Oblast;Т-64БВ;1;MBT;06.05.2022;CAPTURED;СНИГИРЕВКА;НИКОЛАЕВСКАЯ ОБЛАСТЬ;47.070827;32.799764
Kharkiv Oblast;БТР-80;1;APC;06.05.2022;CAPTURED;ИЗЮМ;ХАРЬКОВСКАЯ ОБЛАСТЬ;49.247920;37.248682
;Т-64БВ ОБР. 2017;1;MBT;05.05.2022;CAPTURED;;;;
;Т-64БВ ОБР. 2017;1;MBT;05.05.2022;CAPTURED;;;;
;2С7;1;ARTY;03.05.2022;CAPTURED;;;;
;2С1;1;ARTY;03.05.2022;CAPTURED;;;;
;2С1;1;ARTY;03.05.2022;CAPTURED;;;;
;2С1;1;ARTY;03.05.2022;CAPTURED;;;;
;БМД-2;1;AIFV;03.05.2022;CAPTURED;;;;
Donetsk Oblast;БТР-70М;1;APC;02.05.2022;CAPTURED;ЛИМАН;ДОНЕЦКАЯ ОБЛАСТЬ;48.962550;37.823299
;БРДМ-2Л1;1;RECCE;30.04.2022;CAPTURED;;;;
Kherson Oblast;БТР-80;1;APC;28.04.2022;CAPTURED;;ХЕРСОНСКАЯ ОБЛАСТЬ;46.640319;32.614935
Luhansk Oblast;БТР-70;1;APC;26.04.2022;CAPTURED;СЧАСТЬЕ;ЛУГАНСКАЯ ОБЛАСТЬ;48.737154;39.234207
Luhansk Oblast;БРДМ-2;1;RECCE;26.04.2022;CAPTURED;СЧАСТЬЕ;ЛУГАНСКАЯ ОБЛАСТЬ;48.737154;39.234207
Kharkiv Oblast;2С3;1;ARTY;25.04.2022;CAPTURED;КУПЯНСК;ХАРЬКОВСКАЯ ОБЛАСТЬ;49.710797;37.614779
;2С1;1;ARTY;25.04.2022;CAPTURED;;;;
;Т-64БВ;1;MBT;25.04.2022;CAPTURED;;;;
Kharkiv Oblast;БТР-4Е;1;APC;25.04.2022;CAPTURED;;ХАРЬКОВСКАЯ ОБЛАСТЬ;50.081791;36.306507
;Т-64 МИННЫЙ ТРАЛ;1;MBT;25.04.2022;CAPTURED;;;;
Donetsk Oblast;БТС-4;1;ARV;24.04.2022;CAPTURED;СТЕПНОЕ;ДОНЕЦКАЯ ОБЛАСТЬ;47.614839;37.138321
;AT-105 ICV;1;APC;23.04.2022;CAPTURED;;;;
;Т-64БВ;1;MBT;23.04.2022;CAPTURED;;;;
;1В15;1;APC;23.04.2022;CAPTURED;;;;
;1В15;1;APC;23.04.2022;CAPTURED;;;;
;1В15;1;APC;23.04.2022;CAPTURED;;;;
;AT-105 ICV;1;APC;22.04.2022;CAPTURED;;;;
;Т-64БВ;1;MBT;20.04.2022;CAPTURED;;;;
Kharkiv Oblast;ГТ-МУ;1;APC;20.04.2022;CAPTURED;ИЗЮМ;ХАРЬКОВСКАЯ ОБЛАСТЬ;49.247920;37.248682
Luhansk Oblast;Т-64БВ ОБР. 2017;1;MBT;20.04.2022;CAPTURED;ПОПАСНАЯ;ЛУГАНСКАЯ ОБЛАСТЬ;48.633795;38.376550
Luhansk Oblast;Т-64БВ;1;MBT;20.04.2022;CAPTURED;ПОПАСНАЯ;ЛУГАНСКАЯ ОБЛАСТЬ;48.633795;38.376550
;1В15;1;APC;19.04.2022;CAPTURED;;;;
Donetsk Oblast;2С1;1;ARTY;19.04.2022;CAPTURED;МАРИУПОЛЬ;ДОНЕЦКАЯ ОБЛАСТЬ;47.096703;37.541440
Donetsk Oblast;2С1;1;ARTY;19.04.2022;CAPTURED;МАРИУПОЛЬ;ДОНЕЦКАЯ ОБЛАСТЬ;47.096703;37.541440
Luhansk Oblast;Т-64БВ;1;MBT;19.04.2022;CAPTURED;КРЕМЕННАЯ;ЛУГАНСКАЯ ОБЛАСТЬ;49.049943;38.221114
Donetsk Oblast;БТР-80;1;APC;18.04.2022;CAPTURED;МАРИУПОЛЬ;ДОНЕЦКАЯ ОБЛАСТЬ;47.096703;37.541440
;Т-64БВ;1;MBT;18.04.2022;CAPTURED;;;;
Kherson Oblast;Т-64БВ ОБР. 2017;1;MBT;17.04.2022;CAPTURED;;ХЕРСОНСКАЯ ОБЛАСТЬ;46.640319;32.614935
;Т-64Б;1;MBT;16.04.2022;CAPTURED;;;;
Luhansk Oblast;Т-64БВ ОБР. 2017;1;MBT;16.04.2022;CAPTURED;ПОПАСНАЯ;ЛУГАНСКАЯ ОБЛАСТЬ;48.633795;38.376550
;Т-64БВ;1;MBT;16.04.2022;CAPTURED;;;;
Donetsk Oblast;1В15;1;APC;15.04.2022;CAPTURED;;ДОНЕЦКАЯ ОБЛАСТЬ;48.015877;37.802850
Kharkiv Oblast;Т-72Б1;1;MBT;14.04.2022;CAPTURED;ИЗЮМ;ХАРЬКОВСКАЯ ОБЛАСТЬ;49.247920;37.248682
Kherson Oblast;БТР-80;1;APC;13.04.2022;CAPTURED;;ХЕРСОНСКАЯ ОБЛАСТЬ;46.640319;32.614935
Kherson Oblast;БТР-80;1;APC;13.04.2022;CAPTURED;;ХЕРСОНСКАЯ ОБЛАСТЬ;46.640319;32.614935
Kherson Oblast;БТР-80;1;APC;13.04.2022;CAPTURED;;ХЕРСОНСКАЯ ОБЛАСТЬ;46.640319;32.614935
Donetsk Oblast;Т-64А;1;MBT;13.04.2022;CAPTURED;МАРИУПОЛЬ;ДОНЕЦКАЯ ОБЛАСТЬ;47.096703;37.541440
;БРДМ-2;1;RECCE;12.04.2022;CAPTURED;;;;
;2С3;1;ARTY;11.04.2022;CAPTURED;;;;
Kharkiv Oblast;Т-64БВ ОБР. 2017;1;MBT;11.04.2022;CAPTURED;;ХАРЬКОВСКАЯ ОБЛАСТЬ;50.081791;36.306507
Kharkiv Oblast;Т-64БВ ОБР. 2017;1;MBT;11.04.2022;CAPTURED;;ХАРЬКОВСКАЯ ОБЛАСТЬ;50.081791;36.306507
Kharkiv Oblast;Т-64БВ ОБР. 2017;1;MBT;10.04.2022;CAPTURED;;ХАРЬКОВСКАЯ ОБЛАСТЬ;50.081791;36.306507
Kharkiv Oblast;Т-64БВ;1;MBT;09.04.2022;CAPTURED;;ХАРЬКОВСКАЯ ОБЛАСТЬ;50.081791;36.306507
;AT-105 ICV;1;APC;09.04.2022;CAPTURED;;;;
;ЗСУ-23-4;1;AA;09.04.2022;CAPTURED;;;;
;ГМЗ-З;1;ARV;09.04.2022;CAPTURED;;;;
Luhansk Oblast;Т-64БВ ОБР. 2017;1;MBT;09.04.2022;CAPTURED;СТАРОБЕЛЬСК;ЛУГАНСКАЯ ОБЛАСТЬ;49.282243;38.897393
Donetsk Oblast;БРДМ-2;1;RECCE;08.04.2022;CAPTURED;МАРИУПОЛЬ;ДОНЕЦКАЯ ОБЛАСТЬ;47.096703;37.541440
Kharkiv Oblast;БТР-3Е;1;APC;07.04.2022;CAPTURED;;ХАРЬКОВСКАЯ ОБЛАСТЬ;50.081791;36.306507
Kharkiv Oblast;Т-72Б1;1;MBT;07.04.2022;CAPTURED;ИЗЮМ;ХАРЬКОВСКАЯ ОБЛАСТЬ;49.247920;37.248682
;Т-64БВ;1;MBT;07.04.2022;CAPTURED;;;;
Donetsk Oblast;БТР-80;1;APC;07.04.2022;CAPTURED;;ДОНЕЦКАЯ ОБЛАСТЬ;48.015877;37.802850
Kharkiv Oblast;Т-72Б1;1;MBT;07.04.2022;CAPTURED;ИЗЮМ;ХАРЬКОВСКАЯ ОБЛАСТЬ;49.247920;37.248682
;9П148;1;RECCE;07.04.2022;CAPTURED;;;;
;9П148;1;RECCE;07.04.2022;CAPTURED;;;;
;БТР-80;1;APC;06.04.2022;CAPTURED;;;;
Donetsk Oblast;МТ-ЛБ;1;APC;06.04.2022;CAPTURED;МАРИУПОЛЬ;ДОНЕЦКАЯ ОБЛАСТЬ;47.096703;37.541440
Donetsk Oblast;ИМР-1;1;ARV;06.04.2022;CAPTURED;МАРИУПОЛЬ;ДОНЕЦКАЯ ОБЛАСТЬ;47.096703;37.541440
Donetsk Oblast;БТР-4Е;1;APC;06.04.2022;CAPTURED;МАРИУПОЛЬ;ДОНЕЦКАЯ ОБЛАСТЬ;47.096703;37.541440
Sumy Oblast;БРДМ-2;1;RECCE;06.04.2022;CAPTURED;;СУМСКАЯ ОБЛАСТЬ;50.911980;34.802764
Donetsk Oblast;Т-80БВ;1;MBT;06.04.2022;CAPTURED;МАРИУПОЛЬ;ДОНЕЦКАЯ ОБЛАСТЬ;47.096703;37.541440
;БТР-80;1;APC;06.04.2022;CAPTURED;;;;
;1В18;1;APC;06.04.2022;CAPTURED;;;;
;1В18;1;APC;06.04.2022;CAPTURED;;;;
;1В18;1;APC;06.04.2022;CAPTURED;;;;
;9П148;1;RECCE;06.04.2022;CAPTURED;;;;
;9П148;1;RECCE;06.04.2022;CAPTURED;;;;
;2С3;1;ARTY;06.04.2022;CAPTURED;;;;
Luhansk Oblast;БТР-4Е;1;APC;04.04.2022;CAPTURED;ПОПАСНАЯ;ЛУГАНСКАЯ ОБЛАСТЬ;48.633795;38.376550
Donetsk Oblast;БМД-2;1;AIFV;03.04.2022;CAPTURED;НОВОБАХМУТОВКА;ДОНЕЦКАЯ ОБЛАСТЬ;48.248958;37.781937
Donetsk Oblast;БТР-60-ПУ12;1;APC;01.04.2022;CAPTURED;МАРИУПОЛЬ;ДОНЕЦКАЯ ОБЛАСТЬ;47.096703;37.541440
Kharkiv Oblast;БТР-4Е;1;APC;31.03.2022;CAPTURED;ИЗЮМ;ХАРЬКОВСКАЯ ОБЛАСТЬ;49.191272;37.278272
Kharkiv Oblast;БТР-4Е;1;APC;31.03.2022;CAPTURED;ИЗЮМ;ХАРЬКОВСКАЯ ОБЛАСТЬ;49.191272;37.278272
Kharkiv Oblast;БТР-4Е;1;APC;31.03.2022;CAPTURED;ИЗЮМ;ХАРЬКОВСКАЯ ОБЛАСТЬ;49.191272;37.278272
Kharkiv Oblast;БТР-4Е;1;APC;31.03.2022;CAPTURED;ИЗЮМ;ХАРЬКОВСКАЯ ОБЛАСТЬ;49.191272;37.278272
Zaporizhia Oblast;Т-72АМТ;1;MBT;30.03.2022;CAPTURED;;ЗАПОРОЖСКАЯ ОБЛАСТЬ;47.221454;35.706124
Zaporizhia Oblast;БТР-70;1;APC;30.03.2022;CAPTURED;;ЗАПОРОЖСКАЯ ОБЛАСТЬ;47.221454;35.706124
Zaporizhia Oblast;БТР-4Е;1;APC;30.03.2022;CAPTURED;;ЗАПОРОЖСКАЯ ОБЛАСТЬ;47.221454;35.706124
Luhansk Oblast;35Д6;1;AA;30.03.2022;CAPTURED;СВАТОВО;ЛУГАНСКАЯ ОБЛАСТЬ;49.409282;38.162050
Kharkiv Oblast;Т-64БВ;1;MBT;30.03.2022;CAPTURED;ПЕЧЕНЕГИ;ХАРЬКОВСКАЯ ОБЛАСТЬ;49.864659;36.932311
Donetsk Oblast;БРДМ-2;1;RECCE;28.03.2022;CAPTURED;МАРИУПОЛЬ;ДОНЕЦКАЯ ОБЛАСТЬ;47.096703;37.541440
Luhansk Oblast;Т-64БВ;1;MBT;28.03.2022;CAPTURED;СЕВЕРОДОНЕЦК;ЛУГАНСКАЯ ОБЛАСТЬ;48.953355;38.490268
;Т-64БВ ОБР. 2017;1;MBT;27.03.2022;CAPTURED;;;;
Kyiv Oblast;Т-72АГ;1;MBT;25.03.2022;CAPTURED;ГОСТОМЕЛЬ;КИЕВСКАЯ ОБЛАСТЬ;50.580265;30.264853
;2С5;1;ARTY;25.03.2022;CAPTURED;;;;
;2С5;1;ARTY;25.03.2022;CAPTURED;;;;
;БАТ-2;1;ARV;25.03.2022;CAPTURED;;;;
;Т-64БВК;1;MBT;25.03.2022;CAPTURED;;;;
Chernihiv Oblast;9А35;1;AA;24.03.2022;CAPTURED;;ЧЕРНИГОВСКАЯ ОБЛАСТЬ;51.491512;31.298320
Donetsk Oblast;БРДМ-2Л1;1;RECCE;23.03.2022;CAPTURED;;ДОНЕЦКАЯ ОБЛАСТЬ;48.015877;37.802850
Donetsk Oblast;БТР-80;1;APC;22.03.2022;CAPTURED;МАРИУПОЛЬ;ДОНЕЦКАЯ ОБЛАСТЬ;47.096703;37.541440
Chernihiv Oblast;Т-72АМТ;1;MBT;22.03.2022;CAPTURED;;ЧЕРНИГОВСКАЯ ОБЛАСТЬ;51.491512;31.298320
Donetsk Oblast;БРДМ-2;1;RECCE;22.03.2022;CAPTURED;СТЕПНОЕ;ДОНЕЦКАЯ ОБЛАСТЬ;47.614839;37.138321
;Т-64БВ;1;MBT;21.03.2022;CAPTURED;;;;
;БТР-4Е;1;APC;20.03.2022;CAPTURED;;;;
;БТР-80;1;APC;20.03.2022;CAPTURED;;;;
Donetsk Oblast;БТР-70;1;APC;20.03.2022;CAPTURED;МАРИУПОЛЬ;ДОНЕЦКАЯ ОБЛАСТЬ;47.096703;37.541440
Donetsk Oblast;БТР-70;1;APC;20.03.2022;CAPTURED;ДОНСКОЕ;ДОНЕЦКАЯ ОБЛАСТЬ;47.514305;37.536670
Luhansk Oblast;БТР-7;1;APC;20.03.2022;CAPTURED;ПОПАСНАЯ;ЛУГАНСКАЯ ОБЛАСТЬ;48.633795;38.376550
;Т-64БВ;1;MBT;20.03.2022;CAPTURED;;;;
Donetsk Oblast;БТР-7;1;APC;18.03.2022;CAPTURED;МАРИУПОЛЬ;ДОНЕЦКАЯ ОБЛАСТЬ;47.096703;37.541440
Kharkiv Oblast;БТР-4Е;1;APC;17.03.2022;CAPTURED;БОБРОВКА;ХАРЬКОВСКАЯ ОБЛАСТЬ;50.047598;36.396771
;БТР-4Е;1;APC;17.03.2022;CAPTURED;;;;
;Т-64БВ ОБР. 2017;1;MBT;16.03.2022;CAPTURED;;;;
;Т-64Б1М;1;MBT;16.03.2022;CAPTURED;;;;
;БТР-80;1;APC;15.03.2022;CAPTURED;;;;
Kherson Oblast;БРДМ-2;1;RECCE;15.03.2022;CAPTURED;;ХЕРСОНСКАЯ ОБЛАСТЬ;46.640319;32.614935
Kherson Oblast;БРДМ-2;1;RECCE;15.03.2022;CAPTURED;;ХЕРСОНСКАЯ ОБЛАСТЬ;46.640319;32.614935
Kherson Oblast;Т-64БВ;1;MBT;15.03.2022;CAPTURED;;ХЕРСОНСКАЯ ОБЛАСТЬ;46.640319;32.614935
Kherson Oblast;Т-64БВ;1;MBT;15.03.2022;CAPTURED;;ХЕРСОНСКАЯ ОБЛАСТЬ;46.640319;32.614935
Kherson Oblast;Т-64БВ ОБР. 2017;1;MBT;15.03.2022;CAPTURED;;ХЕРСОНСКАЯ ОБЛАСТЬ;46.640319;32.614935
Kherson Oblast;Т-64БВ ОБР. 2017;1;MBT;15.03.2022;CAPTURED;;ХЕРСОНСКАЯ ОБЛАСТЬ;46.640319;32.614935
Kherson Oblast;Т-64БВ ОБР. 2017;1;MBT;15.03.2022;CAPTURED;;ХЕРСОНСКАЯ ОБЛАСТЬ;46.640319;32.614935
Kherson Oblast;Т-64БВ ОБР. 2017;1;MBT;15.03.2022;CAPTURED;;ХЕРСОНСКАЯ ОБЛАСТЬ;46.640319;32.614935
;2С1;1;ARTY;15.03.2022;CAPTURED;;;;
;БТР-80;1;APC;15.03.2022;CAPTURED;;;;
;БТР-80;1;APC;15.03.2022;CAPTURED;;;;
;БТР-80;1;APC;14.03.2022;CAPTURED;;;;
;БТР-80;1;APC;14.03.2022;CAPTURED;;;;
Donetsk Oblast;БТР-4Е;1;APC;14.03.2022;CAPTURED;МАРИУПОЛЬ;ДОНЕЦКАЯ ОБЛАСТЬ;47.096703;37.541440
Donetsk Oblast;Т-64Б;1;MBT;14.03.2022;CAPTURED;ВОЛНОВАХА;ДОНЕЦКАЯ ОБЛАСТЬ;47.598505;37.483512
Mykolaiv Oblast;5П85С;1;AA;14.03.2022;CAPTURED;;НИКОЛАЕВСКАЯ ОБЛАСТЬ;46.975574;31.993813
;9П148;1;RECCE;14.03.2022;CAPTURED;;;;
;БТС-4;1;ARV;14.03.2022;CAPTURED;;;;
;Т-64БВ ОБР. 2017;1;MBT;14.03.2022;CAPTURED;;;;
Donetsk Oblast;Т-64БВ;1;MBT;12.03.2022;CAPTURED;ВОЛНОВАХА;ДОНЕЦКАЯ ОБЛАСТЬ;47.598505;37.483512
Luhansk Oblast;Т-64БВ;1;MBT;12.03.2022;CAPTURED;;ЛУГАНСКАЯ ОБЛАСТЬ;48.573905;39.307642
Donetsk Oblast;Т-64БВ ОБР. 2017;1;MBT;12.03.2022;CAPTURED;СТАРОИГНАТОВКА;ДОНЕЦКАЯ ОБЛАСТЬ;47.541082;37.779826
Donetsk Oblast;Т-64БВ ОБР. 2017;1;MBT;12.03.2022;CAPTURED;СТАРОИГНАТОВКА;ДОНЕЦКАЯ ОБЛАСТЬ;47.541082;37.779826
Donetsk Oblast;Т-64БВ;1;MBT;12.03.2022;CAPTURED;СТАРОИГНАТОВКА;ДОНЕЦКАЯ ОБЛАСТЬ;47.541082;37.779826
;МТ-ЛБ;1;APC;12.03.2022;CAPTURED;;;;
;Т-80БВ;1;MBT;12.03.2022;CAPTURED;;;;
;Т-64БВ;1;MBT;12.03.2022;CAPTURED;;;;
;БРЭМ-1;1;ARV;12.03.2022;CAPTURED;;;;
;ЗСУ-23-4;1;AA;12.03.2022;CAPTURED;;;;
Donetsk Oblast;БРДМ-2Л1;1;RECCE;11.03.2022;CAPTURED;АНАДОЛЬ;ДОНЕЦКАЯ ОБЛАСТЬ;47.450650;37.581388
Donetsk Oblast;Т-64БВ ОБР. 2017;1;MBT;11.03.2022;CAPTURED;ВОЛНОВАХА;ДОНЕЦКАЯ ОБЛАСТЬ;47.598505;37.483512
Donetsk Oblast;БТР-7;1;APC;11.03.2022;CAPTURED;ВОЛНОВАХА;ДОНЕЦКАЯ ОБЛАСТЬ;47.598505;37.483512
Donetsk Oblast;Т-64БВ ОБР. 2017;1;MBT;11.03.2022;CAPTURED;ВОЛНОВАХА;ДОНЕЦКАЯ ОБЛАСТЬ;47.598505;37.483512
Donetsk Oblast;Т-64БВ;1;MBT;11.03.2022;CAPTURED;ВОЛНОВАХА;ДОНЕЦКАЯ ОБЛАСТЬ;47.598505;37.483512
Donetsk Oblast;Т-64БВ;1;MBT;11.03.2022;CAPTURED;ВОЛНОВАХА;ДОНЕЦКАЯ ОБЛАСТЬ;47.598505;37.483512
;БРДМ-2;1;RECCE;10.03.2022;CAPTURED;;;;
Luhansk Oblast;БРДМ-2РХБ;1;RECCE;10.03.2022;CAPTURED;ПОЛОВИНКИНО;ЛУГАНСКАЯ ОБЛАСТЬ;49.229553;38.919366
;БРДМ-2;1;RECCE;10.03.2022;CAPTURED;;;;
;БРДМ-2;1;RECCE;10.03.2022;CAPTURED;;;;
;БТР-4Е;1;APC;09.03.2022;CAPTURED;;;;
Kharkiv Oblast;БТР-4Е;1;APC;09.03.2022;CAPTURED;;ХАРЬКОВСКАЯ ОБЛАСТЬ;50.081791;36.306507
Donetsk Oblast;БРДМ-2Л1;1;RECCE;09.03.2022;CAPTURED;НОВОТРОИЦКОЕ;ДОНЕЦКАЯ ОБЛАСТЬ;47.717179;37.576160
Kherson Oblast;9А33Б;1;AA;08.03.2022;CAPTURED;АЛЁШКИ;ХЕРСОНСКАЯ ОБЛАСТЬ;46.611373;32.719687
Kherson Oblast;9А33Б;1;AA;08.03.2022;CAPTURED;АЛЁШКИ;ХЕРСОНСКАЯ ОБЛАСТЬ;46.611373;32.719687
Zaporizhia Oblast;1В18;1;APC;07.03.2022;CAPTURED;БЕРДЯНСК;ЗАПОРОЖСКАЯ ОБЛАСТЬ;46.755673;36.789317
Zaporizhia Oblast;СНАР-10;1;APC;07.03.2022;CAPTURED;БЕРДЯНСК;ЗАПОРОЖСКАЯ ОБЛАСТЬ;46.755673;36.789317
Kharkiv Oblast;БТР-4Е;1;APC;06.03.2022;CAPTURED;;ХАРЬКОВСКАЯ ОБЛАСТЬ;50.081791;36.306507
Kherson Oblast;БРДМ-2Л1;1;RECCE;05.03.2022;CAPTURED;;ХЕРСОНСКАЯ ОБЛАСТЬ;46.611373;32.719687
Kherson Oblast;БРДМ-2Л1;1;RECCE;05.03.2022;CAPTURED;;ХЕРСОНСКАЯ ОБЛАСТЬ;46.611373;32.719687
Kherson Oblast;БРДМ-2РХБ;1;RECCE;05.03.2022;CAPTURED;;ХЕРСОНСКАЯ ОБЛАСТЬ;46.611373;32.719687
Kherson Oblast;БРДМ-2РХБ;1;RECCE;05.03.2022;CAPTURED;;ХЕРСОНСКАЯ ОБЛАСТЬ;46.611373;32.719687
Donetsk Oblast;БРДМ-2;1;RECCE;05.03.2022;CAPTURED;ГРАНИТНОЕ;ДОНЕЦКАЯ ОБЛАСТЬ;47.461111;37.865957
Kherson Oblast;БТР-60ПБ;1;APC;05.03.2022;CAPTURED;;ХЕРСОНСКАЯ ОБЛАСТЬ;46.611373;32.719687
Kherson Oblast;Т-64БВ ОБР. 2017;1;MBT;05.03.2022;CAPTURED;;ХЕРСОНСКАЯ ОБЛАСТЬ;46.611373;32.719687
Kherson Oblast;Т-64БВ ОБР. 2017;1;MBT;05.03.2022;CAPTURED;;ХЕРСОНСКАЯ ОБЛАСТЬ;46.611373;32.719687
Kherson Oblast;РХМ;1;APC;05.03.2022;CAPTURED;;ХЕРСОНСКАЯ ОБЛАСТЬ;46.611373;32.719687
Kherson Oblast;БРДМ-2РХБ;1;RECCE;05.03.2022;CAPTURED;;ХЕРСОНСКАЯ ОБЛАСТЬ;46.611373;32.719687
Kherson Oblast;БАТ-2;1;ARV;05.03.2022;CAPTURED;;ХЕРСОНСКАЯ ОБЛАСТЬ;46.611373;32.719687
Kherson Oblast;МТ-ЛБ;1;APC;05.03.2022;CAPTURED;;ХЕРСОНСКАЯ ОБЛАСТЬ;46.611373;32.719687
Kherson Oblast;МТ-ЛБ;1;APC;05.03.2022;CAPTURED;;ХЕРСОНСКАЯ ОБЛАСТЬ;46.611373;32.719687
Kherson Oblast;МТ-ЛБ;1;APC;05.03.2022;CAPTURED;;ХЕРСОНСКАЯ ОБЛАСТЬ;46.611373;32.719687
Kherson Oblast;РХМ;1;APC;05.03.2022;CAPTURED;;ХЕРСОНСКАЯ ОБЛАСТЬ;46.611373;32.719687
Kherson Oblast;ППРУ-1;1;APC;05.03.2022;CAPTURED;;ХЕРСОНСКАЯ ОБЛАСТЬ;46.611373;32.719687
Luhansk Oblast;Т-64БВ;1;MBT;04.03.2022;CAPTURED;СЧАСТЬЕ;ЛУГАНСКАЯ ОБЛАСТЬ;48.737154;39.234207
Luhansk Oblast;Т-64БВ ОБР. 2017;1;MBT;04.03.2022;CAPTURED;НИЖНЕТЕПЛОЕ;ЛУГАНСКАЯ ОБЛАСТЬ;48.796763;39.345751
Donetsk Oblast;Т-64Б1;1;MBT;04.03.2022;CAPTURED;ВОЛНОВАХА;ДОНЕЦКАЯ ОБЛАСТЬ;47.598505;37.483512
Kharkiv Oblast;БТР-4Е;1;APC;04.03.2022;CAPTURED;ХАРЬКОВ;ХАРЬКОВСКАЯ ОБЛАСТЬ;50.053756;36.347771
Kharkiv Oblast;БТР-4Е;1;APC;04.03.2022;CAPTURED;ЛИПЦЫ;ХАРЬКОВСКАЯ ОБЛАСТЬ;50.207873;36.417279
Luhansk Oblast;БРДМ-2Л1;1;RECCE;03.03.2022;CAPTURED;ПЕТРОПАВЛОВКА;ЛУГАНСКАЯ ОБЛАСТЬ;48.812037;39.262091
Luhansk Oblast;AT-105 ICV;1;APC;03.03.2022;CAPTURED;НОВОАЙДАР;ЛУГАНСКАЯ ОБЛАСТЬ;48.973135;39.003107
Luhansk Oblast;Т-64БВ;1;MBT;03.03.2022;CAPTURED;НОВОАЙДАР;ЛУГАНСКАЯ ОБЛАСТЬ;48.973135;39.003107
Luhansk Oblast;БТР-60ПБ;1;APC;03.03.2022;CAPTURED;НОВОАЙДАР;ЛУГАНСКАЯ ОБЛАСТЬ;48.973135;39.003107
Kharkiv Oblast;БТР-4Е;1;APC;03.03.2022;CAPTURED;;ХАРЬКОВСКАЯ ОБЛАСТЬ;50.081791;36.306507
;БТР-4Е;1;APC;03.03.2022;CAPTURED;;;;
Luhansk Oblast;БТР-80;1;APC;03.03.2022;CAPTURED;СВАТОВО;ЛУГАНСКАЯ ОБЛАСТЬ;49.409282;38.162050
Luhansk Oblast;БТР-80;1;APC;03.03.2022;CAPTURED;СВАТОВО;ЛУГАНСКАЯ ОБЛАСТЬ;49.409282;38.162050
Donetsk Oblast;Т-64БВ ОБР. 2017;1;MBT;03.03.2022;CAPTURED;АНДРЕЕВКА;ДОНЕЦКАЯ ОБЛАСТЬ;47.460910;37.654170
;Т-64БВ ОБР. 2017;1;MBT;02.03.2022;CAPTURED;;;;
;БТР-80;1;APC;02.03.2022;CAPTURED;;;;
Luhansk Oblast;БРДМ-2;1;RECCE;01.03.2022;CAPTURED;СЧАСТЬЕ;ЛУГАНСКАЯ ОБЛАСТЬ;48.737154;39.234207
Luhansk Oblast;БРДМ-2;1;RECCE;01.03.2022;CAPTURED;СЧАСТЬЕ;ЛУГАНСКАЯ ОБЛАСТЬ;48.737154;39.234207
;2С1;1;ARTY;01.03.2022;CAPTURED;;;;
Luhansk Oblast;Т-64БВ;1;MBT;01.03.2022;CAPTURED;ШИРОКИЙ;ЛУГАНСКАЯ ОБЛАСТЬ;48.331244;38.856825
Luhansk Oblast;Т-64БВ;1;MBT;01.03.2022;CAPTURED;ШИРОКИЙ;ЛУГАНСКАЯ ОБЛАСТЬ;48.331244;38.856825
Luhansk Oblast;БТР-60ПБ;1;APC;01.03.2022;CAPTURED;ШИРОКИЙ;ЛУГАНСКАЯ ОБЛАСТЬ;48.331244;38.856825
;9П148;1;RECCE;28.02.2022;CAPTURED;;;;
Kyiv Oblast;Т-64БВ;1;MBT;28.02.2022;CAPTURED;ГОСТОМЕЛЬ;КИЕВСКАЯ ОБЛАСТЬ;50.580265;30.264853
Kyiv Oblast;Т-64БВ;1;MBT;28.02.2022;CAPTURED;ГОСТОМЕЛЬ;КИЕВСКАЯ ОБЛАСТЬ;50.580265;30.264853
Kyiv Oblast;Т-64БВ;1;MBT;28.02.2022;CAPTURED;ГОСТОМЕЛЬ;КИЕВСКАЯ ОБЛАСТЬ;50.580265;30.264853
Kyiv Oblast;Т-64БВ;1;MBT;28.02.2022;CAPTURED;ГОСТОМЕЛЬ;КИЕВСКАЯ ОБЛАСТЬ;50.580265;30.264853
Kyiv Oblast;Т-64БВ;1;MBT;28.02.2022;CAPTURED;ГОСТОМЕЛЬ;КИЕВСКАЯ ОБЛАСТЬ;50.580265;30.264853
Kyiv Oblast;Т-64БВ;1;MBT;28.02.2022;CAPTURED;ГОСТОМЕЛЬ;КИЕВСКАЯ ОБЛАСТЬ;50.580265;30.264853
Kyiv Oblast;БТР-3М2;1;APC;28.02.2022;CAPTURED;ГОСТОМЕЛЬ;КИЕВСКАЯ ОБЛАСТЬ;50.580265;30.264853
Kyiv Oblast;Т-72Б;1;MBT;28.02.2022;CAPTURED;ГОСТОМЕЛЬ;КИЕВСКАЯ ОБЛАСТЬ;50.580265;30.264853
;БТР-60ПБ;1;APC;28.02.2022;CAPTURED;;;;
;БТР-80;1;APC;26.02.2022;CAPTURED;;;;
Sumy Oblast;БМП-1;1;AIFV;24.02.2022;DESTROYED;ГЛУХОВ;СУМСКАЯ ОБЛАСТЬ;51.678068;33.912848
Sumy Oblast;БМП-1;1;AIFV;24.02.2022;DESTROYED;ГЛУХОВ;СУМСКАЯ ОБЛАСТЬ;51.678068;33.912848
Sumy Oblast;БМП-1;1;AIFV;24.02.2022;CAPTURED;ГЛУХОВ;СУМСКАЯ ОБЛАСТЬ;51.678068;33.912848
Sumy Oblast;БМП-1;1;AIFV;24.02.2022;CAPTURED;ГЛУХОВ;СУМСКАЯ ОБЛАСТЬ;51.678068;33.912848
Donetsk Oblast;БРМ-1К;1;AIFV;24.02.2022;CAPTURED;БОГДАНОВКА;ДОНЕЦКАЯ ОБЛАСТЬ;47.627720;37.756461
Donetsk Oblast;БМП-1;1;AIFV;24.02.2022;CAPTURED;БОГДАНОВКА;ДОНЕЦКАЯ ОБЛАСТЬ;47.627720;37.756461
Kherson Oblast;БМП-1;1;AIFV;25.02.2022;CAPTURED;ТАРАСОВКА;ХЕРСОНСКАЯ ОБЛАСТЬ;46.455222;33.011222
Kherson Oblast;БМП-1;1;AIFV;25.02.2022;DESTROYED;ТАРАСОВКА;ХЕРСОНСКАЯ ОБЛАСТЬ;46.455222;33.011222
Kherson Oblast;БМП-1;1;AIFV;26.02.2022;DESTROYED;;ХЕРСОНСКАЯ ОБЛАСТЬ;46.611373;32.719687
Kherson Oblast;БМП-1;1;AIFV;26.02.2022;DESTROYED;МОЛОДЕЖНОЕ;ХЕРСОНСКАЯ ОБЛАСТЬ;46.729306;32.689917
Sumy Oblast;БМП-1;1;AIFV;26.02.2022;DESTROYED;СУМЫ;СУМСКАЯ ОБЛАСТЬ;50.911980;34.802764
Donetsk Oblast;БМП-1;1;AIFV;26.02.2022;CAPTURED;БОГДАНОВКА;ДОНЕЦКАЯ ОБЛАСТЬ;47.627720;37.756461
Kherson Oblast;БМП-1;1;AIFV;26.02.2022;CAPTURED;;ХЕРСОНСКАЯ ОБЛАСТЬ;46.611373;32.719687
Kherson Oblast;БМП-1;1;AIFV;26.02.2022;CAPTURED;РАДЕНСК;ХЕРСОНСКАЯ ОБЛАСТЬ;46.581667;32.947917
Kherson Oblast;БМП-1;1;AIFV;26.02.2022;CAPTURED;РАДЕНСК;ХЕРСОНСКАЯ ОБЛАСТЬ;46.581667;32.947917
Sumy Oblast;БМП-1;1;AIFV;26.02.2022;CAPTURED;СУМЫ;СУМСКАЯ ОБЛАСТЬ;50.911980;34.802764
Donetsk Oblast;БРМ-1К;1;AIFV;28.02.2022;DESTROYED;БУГАС;ДОНЕЦКАЯ ОБЛАСТЬ;47.634783;37.561275
Donetsk Oblast;БМП-1КШ;1;AIFV;02.03.2022;DESTROYED;ВОЛНОВАХА;ДОНЕЦКАЯ ОБЛАСТЬ;47.598505;37.483512
Kyiv Oblast;БМП-1ТС;1;AIFV;04.03.2022;DESTROYED;МАКАРОВ;КИЕВСКАЯ ОБЛАСТЬ;50.467221;29.814851
Donetsk Oblast;БМП-1;1;AIFV;05.03.2022;DESTROYED;КАЛЬЧИНОВКА;ДОНЕЦКАЯ ОБЛАСТЬ;47.350722;37.136139
Donetsk Oblast;БМП-1;1;AIFV;06.03.2022;CAPTURED;ДОНСКОЕ;ДОНЕЦКАЯ ОБЛАСТЬ;47.514305;37.536670
Luhansk Oblast;БРМ-1К;1;AIFV;06.03.2022;CAPTURED;;ЛУГАНСКАЯ ОБЛАСТЬ;48.573905;39.307642
Luhansk Oblast;БМП-1;1;AIFV;06.03.2022;CAPTURED;;ЛУГАНСКАЯ ОБЛАСТЬ;48.573905;39.307642
Donetsk Oblast;БРМ-1К;1;AIFV;06.03.2022;DESTROYED;ВОЛНОВАХА;ДОНЕЦКАЯ ОБЛАСТЬ;47.598505;37.483512
Donetsk Oblast;БРМ-1К;1;AIFV;10.03.2022;CAPTURED;НОВОТРОИЦКОЕ;ДОНЕЦКАЯ ОБЛАСТЬ;47.717179;37.576160
Donetsk Oblast;БМП-2;1;AIFV;11.03.2022;CAPTURED;ВОЛНОВАХА;ДОНЕЦКАЯ ОБЛАСТЬ;47.598505;37.483512
Donetsk Oblast;БМП-1;1;AIFV;11.03.2022;DESTROYED;ВОЛНОВАХА;ДОНЕЦКАЯ ОБЛАСТЬ;47.594667;37.501278
Donetsk Oblast;БРМ-1К;1;AIFV;11.03.2022;DESTROYED;ВОЛНОВАХА;ДОНЕЦКАЯ ОБЛАСТЬ;47.612111;37.486278
Donetsk Oblast;БМП-2;1;AIFV;11.03.2022;DESTROYED;ВОЛНОВАХА;ДОНЕЦКАЯ ОБЛАСТЬ;47.611389;37.486667
Kyiv Oblast;БМП-1;1;AIFV;25.03.2022;DESTROYED;ОБУХОВИЧИ;КИЕВСКАЯ ОБЛАСТЬ;50.993000;29.770611
Donetsk Oblast;БМП-1;1;AIFV;11.03.2022;DESTROYED;ВОЛНОВАХА;ДОНЕЦКАЯ ОБЛАСТЬ;47.610944;37.488528
Donetsk Oblast;БМП-2;1;AIFV;11.03.2022;DESTROYED;ВОЛНОВАХА;ДОНЕЦКАЯ ОБЛАСТЬ;47.598505;37.483512
Donetsk Oblast;БМП-1;1;AIFV;11.03.2022;DESTROYED;ВОЛНОВАХА;ДОНЕЦКАЯ ОБЛАСТЬ;47.598505;37.483512
Donetsk Oblast;БМП-2;1;AIFV;11.03.2022;DESTROYED;ВОЛНОВАХА;ДОНЕЦКАЯ ОБЛАСТЬ;47.598505;37.483512
Luhansk Oblast;БМП-1;1;AIFV;14.03.2022;CAPTURED;;ЛУГАНСКАЯ ОБЛАСТЬ;48.573905;39.307642
Donetsk Oblast;БРМ-1К;1;AIFV;14.03.2022;CAPTURED;;ДОНЕЦКАЯ ОБЛАСТЬ;48.015877;37.802850
Luhansk Oblast;БМП-1;1;AIFV;17.03.2022;CAPTURED;;ЛУГАНСКАЯ ОБЛАСТЬ;48.573905;39.307642
Donetsk Oblast;БМП-1;1;AIFV;20.03.2022;DESTROYED;СТЕПНОЕ;ДОНЕЦКАЯ ОБЛАСТЬ;47.788528;37.554917
Donetsk Oblast;БМП-1;1;AIFV;20.03.2022;DESTROYED;СТЕПНОЕ;ДОНЕЦКАЯ ОБЛАСТЬ;47.788528;37.554917
Donetsk Oblast;БРМ-1К;1;AIFV;03.05.2022;CAPTURED;ВОЛНОВАХА;ДОНЕЦКАЯ ОБЛАСТЬ;47.598505;37.483512
Luhansk Oblast;БМП-1;1;AIFV;25.03.2022;DESTROYED;СТАРОБЕЛЬСК;ЛУГАНСКАЯ ОБЛАСТЬ;49.282243;38.897393
Luhansk Oblast;БМП-1;1;AIFV;25.03.2022;DESTROYED;СТАРОБЕЛЬСК;ЛУГАНСКАЯ ОБЛАСТЬ;49.282243;38.897393
Zaporizhia Oblast;БМП-1;1;AIFV;25.03.2022;DESTROYED;ТЕРПЕНИЕ;ЗАПОРОЖСКАЯ ОБЛАСТЬ;46.987347;35.423455
Sumy Oblast;БМП-1;1;AIFV;24.02.2022;DESTROYED;БЕРЁЗА;СУМСКАЯ ОБЛАСТЬ;51.715806;33.871694
Donetsk Oblast;БМП-1;1;AIFV;10.03.2022;DESTROYED;НОВОТРОИЦКОЕ;ДОНЕЦКАЯ ОБЛАСТЬ;47.717179;37.576160
Donetsk Oblast;БМП-1;1;AIFV;11.03.2022;DESTROYED;ВОЛНОВАХА;ДОНЕЦКАЯ ОБЛАСТЬ;47.598505;37.483512
Donetsk Oblast;БМП-2;1;AIFV;03.04.2022;CAPTURED;НОВОБАХМУТОВКА;ДОНЕЦКАЯ ОБЛАСТЬ;48.248958;37.781937
Kherson Oblast;БМП-1;1;AIFV;02.04.2022;CAPTURED;;ХЕРСОНСКАЯ ОБЛАСТЬ;46.611373;32.719687
Kyiv Oblast;БМП-1;1;AIFV;02.04.2022;DESTROYED;ЛИПОВКА;КИЕВСКАЯ ОБЛАСТЬ;50.507424;29.810188
Donetsk Oblast;БМП-1;1;AIFV;01.04.2022;DESTROYED;МАРЬИНКА;ДОНЕЦКАЯ ОБЛАСТЬ;47.941527;37.503918
Donetsk Oblast;БМП-1;1;AIFV;01.04.2022;DESTROYED;МАРЬИНКА;ДОНЕЦКАЯ ОБЛАСТЬ;47.941527;37.503918
Donetsk Oblast;БРМ-1К;1;AIFV;06.04.2022;DESTROYED;;ДОНЕЦКАЯ ОБЛАСТЬ;48.015877;37.802850
Donetsk Oblast;БМП-1;1;AIFV;28.03.2022;CAPTURED;;ДОНЕЦКАЯ ОБЛАСТЬ;48.015877;37.802850
Donetsk Oblast;БМП-1;1;AIFV;28.03.2022;CAPTURED;;ДОНЕЦКАЯ ОБЛАСТЬ;48.015877;37.802850
Luhansk Oblast;БМП-1;1;AIFV;06.04.2022;CAPTURED;;ЛУГАНСКАЯ ОБЛАСТЬ;48.573905;39.307642
Luhansk Oblast;БМП-2;1;AIFV;25.03.2022;DESTROYED;СТАРОБЕЛЬСК;ЛУГАНСКАЯ ОБЛАСТЬ;49.282243;38.897393
Zaporizhia Oblast;БМП-1;1;AIFV;11.04.2022;CAPTURED;ТЕРПЕНИЕ;ЗАПОРОЖСКАЯ ОБЛАСТЬ;46.987347;35.423455
Chernihiv Oblast;БМП-1;1;AIFV;07.03.2022;DESTROYED;ИВАНОВКА;ЧЕРНИГОВСКАЯ ОБЛАСТЬ;51.388056;31.295028
Chernihiv Oblast;БМП-1;1;AIFV;07.03.2022;DESTROYED;ИВАНОВКА;ЧЕРНИГОВСКАЯ ОБЛАСТЬ;51.388056;31.295028
Kyiv Oblast;БМП-1;1;AIFV;06.04.2022;DESTROYED;ФЕНЕВИЧИ;КИЕВСКАЯ ОБЛАСТЬ;50.832194;30.075861
Donetsk Oblast;БМП-1;1;AIFV;07.04.2022;DESTROYED;МАЛЫЙ КЕРМЕНЧИК;ДОНЕЦКАЯ ОБЛАСТЬ;47.630781;36.982374
;БМП-1У;1;AIFV;09.04.2022;CAPTURED;;;;
Donetsk Oblast;БМП-1;1;AIFV;14.04.2022;CAPTURED;;ДОНЕЦКАЯ ОБЛАСТЬ;48.015877;37.802850
Donetsk Oblast;БМП-1КШ;1;AIFV;14.04.2022;CAPTURED;;ДОНЕЦКАЯ ОБЛАСТЬ;48.015877;37.802850
Kyiv Oblast;БМП-1;1;AIFV;09.04.2022;DESTROYED;;КИЕВСКАЯ ОБЛАСТЬ;50.450458;30.523460
Sumy Oblast;БМП-1;1;AIFV;24.02.2022;DESTROYED;БЕРЁЗА;СУМСКАЯ ОБЛАСТЬ;51.715806;33.871694
Sumy Oblast;БМП-1;1;AIFV;24.02.2022;DESTROYED;БЕРЁЗА;СУМСКАЯ ОБЛАСТЬ;51.715806;33.871694
Sumy Oblast;БМП-1;1;AIFV;24.02.2022;DESTROYED;БЕРЁЗА;СУМСКАЯ ОБЛАСТЬ;51.715806;33.871694
Donetsk Oblast;БМП-1;1;AIFV;18.04.2022;CAPTURED;;ДОНЕЦКАЯ ОБЛАСТЬ;48.015877;37.802850
Donetsk Oblast;БМП-1;1;AIFV;18.04.2022;CAPTURED;;ДОНЕЦКАЯ ОБЛАСТЬ;48.015877;37.802850
Donetsk Oblast;БРМ-1К;1;AIFV;18.04.2022;CAPTURED;;ДОНЕЦКАЯ ОБЛАСТЬ;48.015877;37.802850
Kyiv Oblast;БМП-1;1;AIFV;17.03.2022;DESTROYED;ТЕРМАХОВКА;КИЕВСКАЯ ОБЛАСТЬ;51.017316;29.698133
Donetsk Oblast;БМП-1;1;AIFV;21.04.2022;CAPTURED;;ДОНЕЦКАЯ ОБЛАСТЬ;48.015877;37.802850
Donetsk Oblast;БМП-1;1;AIFV;22.04.2022;CAPTURED;;ДОНЕЦКАЯ ОБЛАСТЬ;48.015877;37.802850
Donetsk Oblast;БМП-2К;1;AIFV;22.04.2022;CAPTURED;;ДОНЕЦКАЯ ОБЛАСТЬ;48.015877;37.802850
Donetsk Oblast;БМП-2;1;AIFV;22.04.2022;CAPTURED;;ДОНЕЦКАЯ ОБЛАСТЬ;48.015877;37.802850
Donetsk Oblast;БМП-1;1;AIFV;22.04.2022;CAPTURED;;ДОНЕЦКАЯ ОБЛАСТЬ;48.015877;37.802850
Kherson Oblast;БМП-1;1;AIFV;22.04.2022;DESTROYED;АЛЕКСАНДРОВКА;ХЕРСОНСКАЯ ОБЛАСТЬ;46.611694;32.111750
;БМП-1;1;AIFV;18.04.2022;DESTROYED;;;;
Chernihiv Oblast;БМП-1;1;AIFV;18.04.2022;DESTROYED;;ЧЕРНИГОВСКАЯ ОБЛАСТЬ;51.491512;31.298320
Kharkiv Oblast;БМП-2;1;AIFV;23.04.2022;DESTROYED;КАЗАЧЬЯ ЛОПАНЬ;ХАРЬКОВСКАЯ ОБЛАСТЬ;50.325917;36.156750
Kharkiv Oblast;БМП-2;1;AIFV;23.04.2022;DESTROYED;КАЗАЧЬЯ ЛОПАНЬ;ХАРЬКОВСКАЯ ОБЛАСТЬ;50.325917;36.156750
Donetsk Oblast;БМП-1;1;AIFV;22.04.2022;CAPTURED;;ДОНЕЦКАЯ ОБЛАСТЬ;48.015877;37.802850
Donetsk Oblast;БМП-1;1;AIFV;25.04.2022;CAPTURED;;ДОНЕЦКАЯ ОБЛАСТЬ;48.015877;37.802850
Donetsk Oblast;БМП-1;1;AIFV;26.04.2022;DESTROYED;ЛИМАН;ДОНЕЦКАЯ ОБЛАСТЬ;49.064820;37.819343
Donetsk Oblast;БМП-1;1;AIFV;26.04.2022;DESTROYED;ЛИМАН;ДОНЕЦКАЯ ОБЛАСТЬ;49.064820;37.819343
Donetsk Oblast;БМП-1;1;AIFV;26.04.2022;CAPTURED;;ДОНЕЦКАЯ ОБЛАСТЬ;48.015877;37.802850
Donetsk Oblast;БМП-2;1;AIFV;28.04.2022;DESTROYED;ЛИМАН;ДОНЕЦКАЯ ОБЛАСТЬ;49.064820;37.819343
Donetsk Oblast;БМП-2;1;AIFV;29.04.2022;DESTROYED;СТАРОМЛИНОВКА;ДОНЕЦКАЯ ОБЛАСТЬ;47.697819;36.824306
Donetsk Oblast;БМП-1;1;AIFV;26.03.2022;DESTROYED;;ДОНЕЦКАЯ ОБЛАСТЬ;48.015877;37.802850
Donetsk Oblast;БМП-2;1;AIFV;03.05.2022;DESTROYED;АВДЕЕВКА;ДОНЕЦКАЯ ОБЛАСТЬ;48.150246;37.737003
Donetsk Oblast;БМП-2;1;AIFV;03.05.2022;DESTROYED;АВДЕЕВКА;ДОНЕЦКАЯ ОБЛАСТЬ;48.150246;37.737003
Donetsk Oblast;БМП-2;1;AIFV;02.05.2022;DESTROYED;ЛИМАН;ДОНЕЦКАЯ ОБЛАСТЬ;48.962550;37.823299
Donetsk Oblast;БМП-1;1;AIFV;06.05.2022;CAPTURED;;ДОНЕЦКАЯ ОБЛАСТЬ;48.015877;37.802850
Luhansk Oblast;БМП-1;1;AIFV;06.05.2022;DESTROYED;КРЕМЕННАЯ;ЛУГАНСКАЯ ОБЛАСТЬ;49.049943;38.221114
;БМП-1;1;AIFV;06.05.2022;CAPTURED;;;;
Luhansk Oblast;БМП-1;1;AIFV;05.05.2022;DESTROYED;СВЕТЛИЧНОЕ;ЛУГАНСКАЯ ОБЛАСТЬ;48.764083;38.665111
Luhansk Oblast;БМП-1;1;AIFV;05.05.2022;DESTROYED;СВЕТЛИЧНОЕ;ЛУГАНСКАЯ ОБЛАСТЬ;48.764083;38.665111
Donetsk Oblast;БМП-1;1;AIFV;09.05.2022;CAPTURED;;ДОНЕЦКАЯ ОБЛАСТЬ;48.015877;37.802850
Donetsk Oblast;БМП-1;1;AIFV;09.05.2022;CAPTURED;;ДОНЕЦКАЯ ОБЛАСТЬ;48.015877;37.802850
Luhansk Oblast;БМП-1;1;AIFV;06.05.2022;CAPTURED;НИЖНЕЕ;ЛУГАНСКАЯ ОБЛАСТЬ;48.771338;38.619913
Donetsk Oblast;БТР-80;1;APC;11.05.2022;DESTROYED;ЛИМАН;ДОНЕЦКАЯ ОБЛАСТЬ;48.958288;37.826937
Donetsk Oblast;2С3;1;ARTY;11.05.2022;DESTROYED;МАРИУПОЛЬ;ДОНЕЦКАЯ ОБЛАСТЬ;47.096703;37.541440
Kharkiv Oblast;БТР-4Е;1;APC;12.05.2022;DESTROYED;СТАРЫЙ САЛТОВ;ХАРЬКОВСКАЯ ОБЛАСТЬ;50.071325;36.784118
Donetsk Oblast;БТР-80;1;APC;12.05.2022;DESTROYED;КОРОВИЙ ЯР;ДОНЕЦКАЯ ОБЛАСТЬ;49.153604;37.638505
Donetsk Oblast;БМД-2;1;AIFV;13.05.2022;DESTROYED;ТРОИЦКОЕ;ДОНЕЦКАЯ ОБЛАСТЬ;48.259775;37.857800
;БТР-80;1;APC;14.05.2022;DESTROYED;;;;
;БТР-7;1;APC;10.05.2022;CAPTURED;;;;
Donetsk Oblast;БТР-4Е;1;APC;11.05.2022;CAPTURED;МАРИУПОЛЬ;ДОНЕЦКАЯ ОБЛАСТЬ;47.096703;37.541440
;Т-64БВ ОБР. 2017;1;MBT;12.05.2022;CAPTURED;;;;
;Т-64БВ;1;MBT;13.05.2022;CAPTURED;;;;
Luhansk Oblast;Т-64БВ;1;MBT;14.05.2022;DESTROYED;ТОШКОВКА;ЛУГАНСКАЯ ОБЛАСТЬ;48.779585;38.558773
Luhansk Oblast;Т-64БВ;1;MBT;14.05.2022;DESTROYED;ТОШКОВКА;ЛУГАНСКАЯ ОБЛАСТЬ;48.779585;38.558773
Kharkiv Oblast;2С7;1;ARTY;14.05.2022;DESTROYED;ОЛЬХОВКА;ХАРЬКОВСКАЯ ОБЛАСТЬ;49.987760;36.513848
Zaporizhia Oblast;Т-64;1;MBT;15.05.2022;DESTROYED;ВИШНЕВОЕ;ЗАПОРОЖСКАЯ ОБЛАСТЬ;47.695278;36.562771
Zaporizhia Oblast;Т-64;1;MBT;15.05.2022;DESTROYED;ВИШНЕВОЕ;ЗАПОРОЖСКАЯ ОБЛАСТЬ;47.695278;36.562771
Kharkiv Oblast;Т-64;1;MBT;16.05.2022;DESTROYED;ИЗЮМ;ХАРЬКОВСКАЯ ОБЛАСТЬ;49.191274;37.278279
Donetsk Oblast;Т-64БВ;1;MBT;16.05.2022;CAPTURED;ЗАЧАТОВКА;ДОНЕЦКАЯ ОБЛАСТЬ;47.497736;37.150871
Zaporizhia Oblast;Т-64БВ;1;MBT;15.05.2022;DESTROYED;ВИШНЕВОЕ;ЗАПОРОЖСКАЯ ОБЛАСТЬ;47.695278;36.562771
Zaporizhia Oblast;Т-64БВ;1;MBT;15.05.2022;DESTROYED;ВИШНЕВОЕ;ЗАПОРОЖСКАЯ ОБЛАСТЬ;47.695278;36.562771
Zaporizhia Oblast;Т-64БВ;1;MBT;15.05.2022;DESTROYED;ВИШНЕВОЕ;ЗАПОРОЖСКАЯ ОБЛАСТЬ;47.695278;36.562771
Zaporizhia Oblast;Т-64БВ;1;MBT;15.05.2022;DESTROYED;ВИШНЕВОЕ;ЗАПОРОЖСКАЯ ОБЛАСТЬ;47.695278;36.562771
Luhansk Oblast;Т-64БВ;1;MBT;17.05.2022;DESTROYED;ОРЕХОВО;ЛУГАНСКАЯ ОБЛАСТЬ;48.721608;38.564900
Kharkiv Oblast;БТР-4Е;1;APC;25.02.2022;DESTROYED;СТАРЫЙ САЛТОВ;ХАРЬКОВСКАЯ ОБЛАСТЬ;50.061622;36.534374
Chernihiv Oblast;Т-64БВ;1;MBT;07.04.2022;DESTROYED;ЧЕРНИГОВ;ЧЕРНИГОВСКАЯ ОБЛАСТЬ;51.491512;31.298320
Luhansk Oblast;Т-64БМ;1;MBT;15.05.2022;DESTROYED;БЕЛОГОРОВКА;ЛУГАНСКАЯ ОБЛАСТЬ;48.927134;38.248486
Kyiv Oblast;БМП-1;1;AIFV;12.03.2022;DESTROYED;ЛИПОВКА;КИЕВСКАЯ ОБЛАСТЬ;50.507424;29.810188
Kyiv Oblast;БМП-1;1;AIFV;30.03.2022;DESTROYED;ЛИПОВКА;КИЕВСКАЯ ОБЛАСТЬ;50.507424;29.810188
Kyiv Oblast;БМП-1;1;AIFV;30.03.2022;DESTROYED;ЛИПОВКА;КИЕВСКАЯ ОБЛАСТЬ;50.507424;29.810188
Luhansk Oblast;Т-64БВ;1;MBT;15.05.2022;DESTROYED;БЕЛОГОРОВКА;ЛУГАНСКАЯ ОБЛАСТЬ;48.927134;38.248486
Luhansk Oblast;Т-64БМ;1;MBT;15.05.2022;DESTROYED;БЕЛОГОРОВКА;ЛУГАНСКАЯ ОБЛАСТЬ;48.927134;38.248486
Luhansk Oblast;Т-64БМ;1;MBT;15.05.2022;DESTROYED;БЕЛОГОРОВКА;ЛУГАНСКАЯ ОБЛАСТЬ;48.927134;38.248486
Donetsk Oblast;AT-105 ICV;1;APC;17.05.2022;DESTROYED;АВДЕЕВКА;ДОНЕЦКАЯ ОБЛАСТЬ;48.150246;37.737003
Donetsk Oblast;Т-80БВ;1;MBT;16.05.2022;CAPTURED;МАРИУПОЛЬ;ДОНЕЦКАЯ ОБЛАСТЬ;47.099781;37.599348
Donetsk Oblast;Т-80БВ;1;MBT;16.05.2022;CAPTURED;МАРИУПОЛЬ;ДОНЕЦКАЯ ОБЛАСТЬ;47.099781;37.599348
Donetsk Oblast;Т-64БВ ОБР. 2017;1;MBT;03.03.2022;CAPTURED;АНДРЕЕВКА;ДОНЕЦКАЯ ОБЛАСТЬ;47.460910;37.654170
Donetsk Oblast;Т-64БВ ОБР. 2017;1;MBT;03.03.2022;CAPTURED;АНДРЕЕВКА;ДОНЕЦКАЯ ОБЛАСТЬ;47.460910;37.654170
Donetsk Oblast;БТР-4Е;1;APC;13.04.2022;DESTROYED;МАРИУПОЛЬ;ДОНЕЦКАЯ ОБЛАСТЬ;47.102659;37.635390
Luhansk Oblast;Т-64БМ;1;MBT;15.05.2022;CAPTURED;РУБЕЖНОЕ;ЛУГАНСКАЯ ОБЛАСТЬ;49.025828;38.369633
Kharkiv Oblast;2С1;1;ARTY;17.05.2022;CAPTURED;;ХАРЬКОВСКАЯ ОБЛАСТЬ;49.992167;36.231202
Luhansk Oblast;1В18;1;APC;18.05.2022;CAPTURED;;ЛУГАНСКАЯ ОБЛАСТЬ;48.737170;39.234169
Luhansk Oblast;БМП-2К;1;AIFV;19.05.2022;CAPTURED;;ЛУГАНСКАЯ ОБЛАСТЬ;48.737170;39.234169
Kherson Oblast;БРДМ-2;1;RECCE;01.03.2022;DESTROYED;СТАРАЯ ЗБУРЬЕВКА;ХЕРСОНСКАЯ ОБЛАСТЬ;46.472800;32.417126
Kherson Oblast;БРДМ-2;1;RECCE;01.03.2022;DESTROYED;СТАРАЯ ЗБУРЬЕВКА;ХЕРСОНСКАЯ ОБЛАСТЬ;46.472800;32.417126
Kherson Oblast;БРДМ-2;1;RECCE;01.03.2022;DESTROYED;СТАРАЯ ЗБУРЬЕВКА;ХЕРСОНСКАЯ ОБЛАСТЬ;46.472800;32.417126
Kherson Oblast;БРДМ-2;1;RECCE;01.03.2022;DESTROYED;СТАРАЯ ЗБУРЬЕВКА;ХЕРСОНСКАЯ ОБЛАСТЬ;46.472800;32.417126
Kherson Oblast;БРДМ-2;1;RECCE;01.03.2022;DESTROYED;СТАРАЯ ЗБУРЬЕВКА;ХЕРСОНСКАЯ ОБЛАСТЬ;46.472800;32.417126
Kherson Oblast;БРДМ-2;1;RECCE;01.03.2022;DESTROYED;СТАРАЯ ЗБУРЬЕВКА;ХЕРСОНСКАЯ ОБЛАСТЬ;46.472800;32.417126
Kherson Oblast;БРДМ-2;1;RECCE;01.03.2022;DESTROYED;СТАРАЯ ЗБУРЬЕВКА;ХЕРСОНСКАЯ ОБЛАСТЬ;46.472800;32.417126
Kherson Oblast;БРДМ-2;1;RECCE;01.03.2022;DESTROYED;СТАРАЯ ЗБУРЬЕВКА;ХЕРСОНСКАЯ ОБЛАСТЬ;46.472800;32.417126
Kherson Oblast;БТР-80;1;APC;01.03.2022;DESTROYED;ШИРОКАЯ БАЛКА;ХЕРСОНСКАЯ ОБЛАСТЬ;46.791489;34.534455
Kherson Oblast;Т-64БВ;1;MBT;03.03.2022;DESTROYED;;ХЕРСОНСКАЯ ОБЛАСТЬ;46.640319;32.614935
Chernihiv Oblast;Т-64БВ;1;MBT;07.04.2022;DESTROYED;ЛЕВОНЬКИ;ЧЕРНИГОВСКАЯ ОБЛАСТЬ;51.562563;31.027576
Luhansk Oblast;БМП-1;1;AIFV;19.05.2022;DESTROYED;;ЛУГАНСКАЯ ОБЛАСТЬ;48.737170;39.234169
Donetsk Oblast;БМП-2;1;AIFV;20.03.2022;DESTROYED;СТЕПНОЕ;ДОНЕЦКАЯ ОБЛАСТЬ;47.789155;37.554173
Chernihiv Oblast;БМП-1;1;AIFV;07.04.2022;DESTROYED;;ЧЕРНИГОВСКАЯ ОБЛАСТЬ;51.491512;31.298320
Kharkiv Oblast;Т-72Б;1;MBT;16.05.2022;DESTROYED;ЦУПОВКА;ХАРЬКОВСКАЯ ОБЛАСТЬ;50.272249;36.183205
Kharkiv Oblast;Т-72Б1;1;MBT;16.05.2022;DESTROYED;ЦУПОВКА;ХАРЬКОВСКАЯ ОБЛАСТЬ;50.272249;36.183205
Donetsk Oblast;Т-72Б;1;MBT;18.05.2022;DESTROYED;ЛИМАН;ДОНЕЦКАЯ ОБЛАСТЬ;48.994778;37.890578
Luhansk Oblast;БРМ-1К;1;AIFV;19.05.2022;DESTROYED;;ЛУГАНСКАЯ ОБЛАСТЬ;48.737170;39.234169
;БРДМ-2РХБ;1;RECCE;20.05.2022;DESTROYED;;;;
Luhansk Oblast;9А33Б;1;AA;18.05.2022;CAPTURED;ЛУГАНСК;ЛУГАНСКАЯ ОБЛАСТЬ;48.737170;39.234169
Luhansk Oblast;9П148;1;RECCE;18.05.2022;CAPTURED;ЛУГАНСК;ЛУГАНСКАЯ ОБЛАСТЬ;48.737170;39.234169
;AT-105 ICV;1;APC;20.05.2022;CAPTURED;;;;
Kharkiv Oblast;9П149;1;RECCE;20.05.2022;CAPTURED;ИЗЮМ;ХАРЬКОВСКАЯ ОБЛАСТЬ;49.212403;37.310895
Donetsk Oblast;Т-64Б1М;1;MBT;21.05.2022;CAPTURED;МАРИУПОЛЬ;ДОНЕЦКАЯ ОБЛАСТЬ;47.099050;37.602972
Donetsk Oblast;Т-72АМТ;1;MBT;19.05.2022;DESTROYED;НОВОСЕЛОВКА ВТОРАЯ;ДОНЕЦКАЯ ОБЛАСТЬ;48.194322;37.780936
Luhansk Oblast;БМП-1;1;AIFV;25.04.2022;DESTROYED;НОВОТОШКОВКА;ЛУГАНСКАЯ ОБЛАСТЬ;48.723504;38.629943
Kherson Oblast;БМП-1;1;AIFV;03.03.2022;DESTROYED;ШИРОКАЯ БАЛКА;ХЕРСОНСКАЯ ОБЛАСТЬ;46.791489;34.534455
;9К35;1;AA;21.05.2022;DESTROYED;;;;
Kharkiv Oblast;БТР-4Е;1;APC;15.05.2022;DESTROYED;ХАРЬКОВ;ХАРЬКОВСКАЯ ОБЛАСТЬ;50.057173;36.362941
Donetsk Oblast;БТР-4Е;1;APC;15.04.2022;DESTROYED;МАРИУПОЛЬ;ДОНЕЦКАЯ ОБЛАСТЬ;47.101101;37.572685
Donetsk Oblast;Т-54;1;MBT;22.05.2022;CAPTURED;МАРИУПОЛЬ;ДОНЕЦКАЯ ОБЛАСТЬ;47.099781;37.599348
Donetsk Oblast;БРМ-1К;1;AIFV;23.05.2022;CAPTURED;МАРИУПОЛЬ;ДОНЕЦКАЯ ОБЛАСТЬ;47.099781;37.599348
Donetsk Oblast;МТ-ЛБ;1;APC;01.03.2022;DESTROYED;БЕРДЯНСКОЕ;ДОНЕЦКАЯ ОБЛАСТЬ;47.089809;37.783707
Donetsk Oblast;БТР-80;1;APC;23.05.2022;DESTROYED;ЯЦКОВКА;ДОНЕЦКАЯ ОБЛАСТЬ;49.174731;37.529645
Donetsk Oblast;БТР-3Е;1;APC;23.05.2022;DESTROYED;МАРИУПОЛЬ;ДОНЕЦКАЯ ОБЛАСТЬ;47.113946;37.608766
Donetsk Oblast;БТР-3М2;1;APC;23.05.2022;CAPTURED;МАРИУПОЛЬ;ДОНЕЦКАЯ ОБЛАСТЬ;47.097406;37.608685
Kharkiv Oblast;БТР-4Е;1;APC;23.05.2022;CAPTURED;;ХАРЬКОВСКАЯ ОБЛАСТЬ;49.992167;36.231202
Kharkiv Oblast;БМП-2;1;AIFV;24.05.2022;DESTROYED;;ХАРЬКОВСКАЯ ОБЛАСТЬ;50.057173;36.362941
Luhansk Oblast;БТР-60ПБ;1;APC;24.05.2022;DESTROYED;РУБЕЖНОЕ;ЛУГАНСКАЯ ОБЛАСТЬ;49.025828;38.369633
Donetsk Oblast;БРДМ-2;1;RECCE;24.05.2022;CAPTURED;ЛИМАН;ДОНЕЦКАЯ ОБЛАСТЬ;49.009824;37.773590
Kharkiv Oblast;Т-64БВ;1;MBT;24.05.2022;CAPTURED;;ХАРЬКОВСКАЯ ОБЛАСТЬ;50.057173;36.362941
Kherson Oblast;БТР-80;1;APC;25.05.2022;DESTROYED;;ХЕРСОНСКАЯ ОБЛАСТЬ;46.611373;32.719687
Kherson Oblast;БТР-80;1;APC;25.05.2022;DESTROYED;;ХЕРСОНСКАЯ ОБЛАСТЬ;46.611373;32.719687
Kherson Oblast;БТР-80;1;APC;25.05.2022;DESTROYED;;ХЕРСОНСКАЯ ОБЛАСТЬ;46.611373;32.719687
;БММ-4С;1;APC;27.05.2022;CAPTURED;;;;
Luhansk Oblast;БМП-2;1;AIFV;04.04.2022;DESTROYED;ПОПАСНАЯ;ЛУГАНСКАЯ ОБЛАСТЬ;48.633795;38.376550
Donetsk Oblast;БТР-80;1;APC;13.04.2022;DESTROYED;МАРИУПОЛЬ;ДОНЕЦКАЯ ОБЛАСТЬ;47.101101;37.572685
Kharkiv Oblast;Т-64БМ;1;MBT;03.05.2022;DESTROYED;;ХАРЬКОВСКАЯ ОБЛАСТЬ;50.057173;36.362941
Donetsk Oblast;БРДМ-2;1;RECCE;12.05.2022;DESTROYED;МАРИУПОЛЬ;ДОНЕЦКАЯ ОБЛАСТЬ;47.096794;37.611101
Luhansk Oblast;9П148;1;RECCE;26.05.2022;DESTROYED;КАМЫШЕВАХА;ЛУГАНСКАЯ ОБЛАСТЬ;48.696323;38.477242
;Т-64БВ;1;MBT;28.05.2022;DESTROYED;;;;
